package_id,hub_id,arrival_ts,departure_ts,dwell_hours
PKG_000001,HUB_SBY,2026-10-01 13:39:00,2026-10-01 22:03:02.038903,8.400555555555556
PKG_000003,HUB_MKS,2026-10-01 03:32:00,2026-10-01 14:06:53.610364,10.581388888888888
PKG_000004,HUB_MKS,2026-10-08 19:50:00,2026-10-09 04:51:39.683809,9.0275
PKG_000005,HUB_MKS,2026-10-15 07:19:00,2026-10-15 14:09:36.264729,6.843333333333334
PKG_000006,HUB_JKT,2026-10-03 07:09:00,2026-10-03 10:46:46.837871,3.6294444444444443
PKG_000007,HUB_SBY,2026-10-15 17:54:00,2026-10-16 05:35:52.996537,11.697777777777778
PKG_000008,HUB_JKT,2026-10-08 09:06:00,2026-10-08 17:38:22.044611,8.539444444444445
PKG_000009,HUB_JKT,2026-10-13 21:45:00,2026-10-14 06:17:59.709910,8.549722222222222
PKG_000010,HUB_MKS,2026-10-06 23:29:00,2026-10-07 08:27:35.368872,8.97638888888889
PKG_000011,HUB_MKS,2026-10-02 01:43:00,2026-10-02 13:08:31.798003,11.425277777777778
PKG_000014,HUB_BDG,2026-10-12 13:15:00,2026-10-12 22:09:45.096780,8.9125
PKG_000015,HUB_BDG,2026-10-13 06:34:00,2026-10-13 19:28:48.793375,12.913333333333334
PKG_000016,HUB_BDG,2026-10-06 10:46:00,2026-10-06 16:38:18.214598,5.871666666666667
PKG_000017,HUB_BDG,2026-10-03 20:40:00,2026-10-04 06:07:51.840984,9.464166666666667
PKG_000018,HUB_SBY,2026-10-05 13:51:00,2026-10-06 00:23:59.841394,10.549722222222222
PKG_000019,HUB_JKT,2026-10-02 10:58:00,2026-10-02 16:12:57.410707,5.2491666666666665
PKG_000020,HUB_DPS,2026-10-02 14:41:00,2026-10-03 00:01:00.459578,9.333333333333334
PKG_000021,HUB_MKS,2026-10-06 12:42:00,2026-10-07 00:10:45.807924,11.479166666666666
PKG_000022,HUB_SBY,2026-10-15 16:54:00,2026-10-15 20:58:07.353504,4.068611111111111
PKG_000024,HUB_MKS,2026-10-01 08:03:00,2026-10-01 21:05:47.350530,13.046388888888888
PKG_000025,HUB_MKS,2026-10-02 08:01:00,2026-10-02 18:36:02.118008,10.58388888888889
PKG_000026,HUB_BDG,2026-10-12 01:47:00,2026-10-12 09:25:28.205511,7.641111111111111
PKG_000028,HUB_DPS,2026-10-10 04:30:00,2026-10-10 11:48:55.187357,7.315277777777778
PKG_000029,HUB_MKS,2026-10-12 21:30:00,2026-10-13 07:12:46.316009,9.712777777777777
PKG_000031,HUB_MKS,2026-10-12 12:16:00,2026-10-12 22:12:43.028789,9.945277777777777
PKG_000032,HUB_SBY,2026-10-15 21:09:00,2026-10-16 11:26:25.542130,14.290277777777778
PKG_000033,HUB_JKT,2026-10-03 10:27:00,2026-10-03 17:22:50.821925,6.930555555555555
PKG_000034,HUB_JKT,2026-10-02 03:44:00,2026-10-02 09:16:54.330083,5.548333333333333
PKG_000036,HUB_MKS,2026-10-09 09:38:00,2026-10-09 19:17:26.470067,9.657222222222222
PKG_000037,HUB_DPS,2026-10-09 03:24:00,2026-10-09 10:22:12.716146,6.97
PKG_000038,HUB_DPS,2026-10-04 16:44:00,2026-10-05 01:04:05.880963,8.334722222222222
PKG_000039,HUB_YGY,2026-10-06 15:31:00,2026-10-07 00:03:10.818299,8.536111111111111
PKG_000040,HUB_JKT,2026-10-06 04:17:00,2026-10-06 15:39:28.839495,11.374444444444444
PKG_000041,HUB_MKS,2026-10-12 14:12:00,2026-10-12 19:00:30.164858,4.808333333333334
PKG_000042,HUB_JKT,2026-10-03 11:12:00,2026-10-03 22:21:10.091329,11.152777777777779
PKG_000045,HUB_SBY,2026-10-07 20:00:00,2026-10-08 00:47:48.505007,4.796666666666667
PKG_000046,HUB_SBY,2026-10-04 23:02:00,2026-10-05 07:22:02.990161,8.33388888888889
PKG_000047,HUB_MKS,2026-10-15 21:33:00,2026-10-16 06:51:58.233785,9.31611111111111
PKG_000048,HUB_JKT,2026-10-15 09:40:00,2026-10-15 19:05:34.153639,9.426111111111112
PKG_000050,HUB_MKS,2026-10-06 13:14:00,2026-10-07 02:34:13.632686,13.336944444444445
PKG_000051,HUB_JKT,2026-10-12 18:52:00,2026-10-12 22:45:12.728913,3.8866666666666667
PKG_000052,HUB_JKT,2026-10-11 01:42:00,2026-10-11 09:24:18.422629,7.705
PKG_000053,HUB_SBY,2026-10-11 19:14:00,2026-10-11 23:45:48.831895,4.53
PKG_000054,HUB_SBY,2026-10-06 08:03:00,2026-10-06 17:50:16.557913,9.787777777777778
PKG_000057,HUB_MKS,2026-10-13 10:15:00,2026-10-13 22:23:44.989664,12.145555555555555
PKG_000058,HUB_SBY,2026-10-11 15:15:00,2026-10-11 18:40:13.231315,3.4202777777777778
PKG_000059,HUB_JKT,2026-10-10 18:04:00,2026-10-11 02:53:51.017464,8.830833333333333
PKG_000060,HUB_BDG,2026-10-10 14:13:00,2026-10-10 23:48:42.610926,9.595
PKG_000061,HUB_SBY,2026-10-15 19:56:00,2026-10-16 05:02:27.848585,9.1075
PKG_000062,HUB_YGY,2026-10-11 13:58:00,2026-10-11 23:07:25.528080,9.156944444444445
PKG_000063,HUB_BDG,2026-10-08 01:52:00,2026-10-08 09:48:37.276763,7.943611111111111
PKG_000064,HUB_SBY,2026-10-15 06:33:00,2026-10-15 15:24:29.555767,8.858055555555556
PKG_000065,HUB_MKS,2026-10-01 22:25:00,2026-10-02 07:24:01.284064,8.983611111111111
PKG_000066,HUB_YGY,2026-10-15 11:06:00,2026-10-15 22:15:57.778787,11.165833333333333
PKG_000067,HUB_SBY,2026-10-13 05:54:00,2026-10-13 14:49:52.011411,8.931111111111111
PKG_000068,HUB_MKS,2026-10-11 13:47:00,2026-10-11 21:31:16.047825,7.737777777777778
PKG_000070,HUB_BDG,2026-10-11 20:00:00,2026-10-12 07:50:36.829565,11.843333333333334
PKG_000071,HUB_JKT,2026-10-14 05:36:00,2026-10-14 10:26:27.994329,4.840833333333333
PKG_000072,HUB_JKT,2026-10-05 09:10:00,2026-10-05 18:29:39.098279,9.3275
PKG_000073,HUB_JKT,2026-10-14 09:59:00,2026-10-14 19:59:57.785837,10.015833333333333
PKG_000075,HUB_JKT,2026-10-01 06:41:00,2026-10-01 11:10:05.051931,4.4847222222222225
PKG_000076,HUB_MKS,2026-10-02 16:27:00,2026-10-03 01:41:13.136206,9.236944444444445
PKG_000077,HUB_JKT,2026-10-13 16:46:00,2026-10-14 00:04:33.701962,7.309166666666667
PKG_000080,HUB_SBY,2026-10-11 07:57:00,2026-10-11 17:44:19.914167,9.788611111111111
PKG_000081,HUB_JKT,2026-10-03 14:40:00,2026-10-03 18:11:46.992886,3.5294444444444446
PKG_000082,HUB_MKS,2026-10-07 13:37:00,2026-10-07 23:07:07.667204,9.501944444444444
PKG_000083,HUB_MKS,2026-10-14 14:36:00,2026-10-15 03:40:34.251218,13.07611111111111
PKG_000084,HUB_YGY,2026-10-07 03:11:00,2026-10-07 12:50:32.577768,9.658888888888889
PKG_000085,HUB_BKS,2026-10-10 22:03:00,2026-10-11 02:07:25.130212,4.073611111111111
PKG_000086,HUB_SBY,2026-10-07 13:24:00,2026-10-07 19:43:15.350596,6.320833333333334
PKG_000088,HUB_MKS,2026-10-15 04:02:00,2026-10-15 11:01:50.695898,6.997222222222222
PKG_000089,HUB_MKS,2026-10-12 00:43:00,2026-10-12 16:04:37.482786,15.360277777777778
PKG_000090,HUB_BKS,2026-10-03 13:57:00,2026-10-04 00:35:48.782911,10.646666666666667
PKG_000091,HUB_JKT,2026-10-11 23:30:00,2026-10-12 08:21:15.499608,8.854166666666666
PKG_000092,HUB_JKT,2026-10-10 10:36:00,2026-10-10 17:22:07.110744,6.768611111111111
PKG_000093,HUB_MKS,2026-10-12 03:24:00,2026-10-12 15:42:05.978532,12.301388888888889
PKG_000094,HUB_BKS,2026-10-06 10:25:00,2026-10-06 14:22:47.339804,3.9630555555555556
PKG_000095,HUB_BDG,2026-10-09 18:51:00,2026-10-10 06:46:16.494537,11.921111111111111
PKG_000096,HUB_JKT,2026-10-11 00:27:00,2026-10-11 07:07:39.276276,6.6775
PKG_000097,HUB_JKT,2026-10-07 00:44:00,2026-10-07 05:42:17.625303,4.971388888888889
PKG_000099,HUB_SBY,2026-10-10 21:00:00,2026-10-11 09:41:12.538867,12.686666666666667
PKG_000100,HUB_JKT,2026-10-09 03:46:00,2026-10-09 10:11:35.743021,6.426388888888889
PKG_000101,HUB_JKT,2026-10-09 16:55:00,2026-10-09 22:33:41.446872,5.644722222222223
PKG_000102,HUB_DPS,2026-10-13 10:30:00,2026-10-13 15:43:55.412210,5.231944444444444
PKG_000103,HUB_JKT,2026-10-07 20:59:00,2026-10-08 04:45:22.376578,7.772777777777778
PKG_000105,HUB_SBY,2026-10-07 12:18:00,2026-10-07 21:05:28.138379,8.79111111111111
PKG_000106,HUB_SBY,2026-10-04 02:41:00,2026-10-04 09:23:56.028652,6.7155555555555555
PKG_000107,HUB_SBY,2026-10-03 01:13:00,2026-10-03 11:35:29.111415,10.374722222222223
PKG_000108,HUB_JKT,2026-10-04 17:51:00,2026-10-04 23:39:14.711293,5.803888888888889
PKG_000109,HUB_JKT,2026-10-02 17:07:00,2026-10-03 04:14:45.325429,11.129166666666666
PKG_000110,HUB_BDG,2026-10-01 07:36:00,2026-10-01 20:08:24.120451,12.54
PKG_000111,HUB_SBY,2026-10-09 10:52:00,2026-10-09 20:47:04.469316,9.917777777777777
PKG_000112,HUB_BDG,2026-10-07 21:02:00,2026-10-08 05:40:54.195869,8.648333333333333
PKG_000113,HUB_JKT,2026-10-13 05:34:00,2026-10-13 14:22:33.167358,8.809166666666666
PKG_000114,HUB_MKS,2026-10-03 06:04:00,2026-10-03 18:38:10.172350,12.569444444444445
PKG_000115,HUB_MKS,2026-10-06 08:56:00,2026-10-06 20:08:12.723397,11.203333333333333
PKG_000116,HUB_JKT,2026-10-11 08:20:00,2026-10-11 14:25:53.834602,6.098055555555556
PKG_000117,HUB_BKS,2026-10-13 20:20:00,2026-10-14 03:38:24.436751,7.306666666666667
PKG_000118,HUB_MKS,2026-10-07 07:25:00,2026-10-07 22:26:11.194971,15.019722222222223
PKG_000120,HUB_JKT,2026-10-11 04:49:00,2026-10-11 15:14:33.200808,10.425833333333333
PKG_000122,HUB_DPS,2026-10-02 16:08:00,2026-10-02 22:15:41.400632,6.128055555555555
PKG_000123,HUB_SBY,2026-10-09 16:01:00,2026-10-10 03:35:21.924573,11.5725
PKG_000124,HUB_BDG,2026-10-05 21:25:00,2026-10-06 04:48:46.465011,7.396111111111111
PKG_000125,HUB_JKT,2026-10-08 02:40:00,2026-10-08 08:26:08.547125,5.768888888888889
PKG_000126,HUB_SBY,2026-10-03 23:03:00,2026-10-04 05:27:55.218866,6.415277777777778
PKG_000127,HUB_SBY,2026-10-10 14:58:00,2026-10-11 02:09:58.620083,11.199444444444444
PKG_000128,HUB_JKT,2026-10-03 11:06:00,2026-10-03 15:09:18.881810,4.055
PKG_000129,HUB_MKS,2026-10-15 03:32:00,2026-10-15 11:19:18.207092,7.788333333333333
PKG_000130,HUB_JKT,2026-10-08 17:35:00,2026-10-08 22:14:08.130304,4.652222222222222
PKG_000131,HUB_BKS,2026-10-03 02:06:00,2026-10-03 08:03:26.972070,5.957222222222223
PKG_000132,HUB_JKT,2026-10-02 04:43:00,2026-10-02 09:58:37.444606,5.260277777777778
PKG_000133,HUB_SBY,2026-10-10 10:11:00,2026-10-10 18:04:30.710927,7.891666666666667
PKG_000135,HUB_JKT,2026-10-03 17:31:00,2026-10-04 04:39:24.076362,11.14
PKG_000136,HUB_JKT,2026-10-01 23:06:00,2026-10-02 06:18:04.437383,7.2011111111111115
PKG_000137,HUB_SBY,2026-10-07 14:06:00,2026-10-07 22:59:04.749662,8.884444444444444
PKG_000138,HUB_BDG,2026-10-06 12:52:00,2026-10-06 20:42:23.504526,7.839722222222222
PKG_000139,HUB_BDG,2026-10-02 17:42:00,2026-10-02 23:58:20.938002,6.272222222222222
PKG_000140,HUB_JKT,2026-10-04 07:58:00,2026-10-04 14:53:08.501679,6.918888888888889
PKG_000141,HUB_SBY,2026-10-11 13:22:00,2026-10-11 21:59:04.604989,8.617777777777778
PKG_000142,HUB_SBY,2026-10-04 10:26:00,2026-10-04 14:42:43.630124,4.278611111111111
PKG_000144,HUB_MKS,2026-10-13 14:43:00,2026-10-14 01:28:16.592176,10.754444444444445
PKG_000145,HUB_SBY,2026-10-12 09:48:00,2026-10-12 18:49:16.611932,9.02111111111111
PKG_000146,HUB_JKT,2026-10-10 23:04:00,2026-10-11 06:47:32.542745,7.725555555555555
PKG_000147,HUB_BDG,2026-10-14 14:31:00,2026-10-15 01:21:24.995299,10.84
PKG_000148,HUB_YGY,2026-10-14 17:09:00,2026-10-15 03:17:25.727460,10.140277777777778
PKG_000149,HUB_SBY,2026-10-09 22:03:00,2026-10-10 09:15:25.864939,11.206944444444444
PKG_000150,HUB_YGY,2026-10-12 23:28:00,2026-10-13 11:18:42.251924,11.845
PKG_000151,HUB_JKT,2026-10-12 01:34:00,2026-10-12 12:40:52.409964,11.114444444444445
PKG_000152,HUB_MKS,2026-10-08 15:55:00,2026-10-09 13:12:14.368150,21.287222222222223
PKG_000153,HUB_SBY,2026-10-04 18:24:00,2026-10-05 02:45:55.553024,8.365277777777777
PKG_000154,HUB_JKT,2026-10-06 10:37:00,2026-10-06 16:52:53.724723,6.264722222222222
PKG_000155,HUB_BKS,2026-10-11 12:08:00,2026-10-11 18:39:42.747291,6.528333333333333
PKG_000156,HUB_JKT,2026-10-11 22:27:00,2026-10-12 01:08:38.622286,2.693888888888889
PKG_000157,HUB_BDG,2026-10-07 04:58:00,2026-10-07 09:37:01.422596,4.650277777777778
PKG_000158,HUB_MKS,2026-10-10 00:31:00,2026-10-10 11:57:21.794980,11.439166666666667
PKG_000159,HUB_BDG,2026-10-15 18:57:00,2026-10-16 01:43:57.658762,6.7825
PKG_000160,HUB_SBY,2026-10-02 19:16:00,2026-10-03 04:58:28.375454,9.707777777777778
PKG_000161,HUB_BDG,2026-10-06 09:46:00,2026-10-06 17:01:10.665083,7.252777777777778
PKG_000162,HUB_JKT,2026-10-12 17:27:00,2026-10-13 01:11:31.193065,7.741944444444444
PKG_000163,HUB_JKT,2026-10-02 22:45:00,2026-10-03 03:24:40.658116,4.661111111111111
PKG_000164,HUB_JKT,2026-10-09 19:17:00,2026-10-10 01:56:08.564356,6.652222222222222
PKG_000165,HUB_SBY,2026-10-14 05:47:00,2026-10-14 14:04:27.900481,8.290833333333333
PKG_000166,HUB_SBY,2026-10-15 09:00:00,2026-10-15 15:15:42.591202,6.261666666666667
PKG_000167,HUB_BDG,2026-10-01 22:53:00,2026-10-02 05:31:13.750995,6.6369444444444445
PKG_000168,HUB_DPS,2026-10-02 02:06:00,2026-10-02 10:34:25.022905,8.473611111111111
PKG_000169,HUB_DPS,2026-10-09 19:09:00,2026-10-10 00:47:48.246786,5.6466666666666665
PKG_000170,HUB_MKS,2026-10-05 02:33:00,2026-10-05 14:24:45.693646,11.8625
PKG_000171,HUB_MKS,2026-10-11 02:25:00,2026-10-11 12:28:42.887698,10.061666666666667
PKG_000172,HUB_JKT,2026-10-15 12:10:00,2026-10-15 19:45:26.923116,7.5905555555555555
PKG_000173,HUB_SBY,2026-10-10 23:18:00,2026-10-11 08:42:37.916457,9.410277777777777
PKG_000175,HUB_YGY,2026-10-01 14:09:00,2026-10-01 22:53:08.818975,8.735555555555555
PKG_000176,HUB_JKT,2026-10-12 04:15:00,2026-10-12 08:19:20.757295,4.072222222222222
PKG_000177,HUB_BDG,2026-10-08 06:32:00,2026-10-08 12:05:34.528864,5.559444444444445
PKG_000178,HUB_JKT,2026-10-09 05:25:00,2026-10-09 08:59:52.183448,3.581111111111111
PKG_000179,HUB_MKS,2026-10-09 09:28:00,2026-10-09 12:58:42.780919,3.5116666666666667
PKG_000181,HUB_JKT,2026-10-13 13:05:00,2026-10-13 19:04:18.348657,5.988333333333333
PKG_000182,HUB_JKT,2026-10-08 08:12:00,2026-10-08 13:58:49.586382,5.780277777777778
PKG_000183,HUB_JKT,2026-10-13 12:49:00,2026-10-13 19:16:50.988747,6.463888888888889
PKG_000184,HUB_SBY,2026-10-14 18:29:00,2026-10-15 06:26:37.243476,11.960277777777778
PKG_000185,HUB_BDG,2026-10-07 00:32:00,2026-10-07 05:32:59.502934,5.016388888888889
PKG_000187,HUB_SBY,2026-10-08 02:42:00,2026-10-08 12:36:48.332105,9.913333333333334
PKG_000188,HUB_JKT,2026-10-03 18:54:00,2026-10-04 00:13:24.818090,5.323333333333333
PKG_000189,HUB_JKT,2026-10-04 15:13:00,2026-10-05 00:28:43.590994,9.261944444444444
PKG_000190,HUB_MKS,2026-10-03 01:10:00,2026-10-03 06:17:56.297203,5.1322222222222225
PKG_000192,HUB_MKS,2026-10-10 04:13:00,2026-10-10 12:54:14.259489,8.687222222222223
PKG_000193,HUB_MKS,2026-10-13 12:17:00,2026-10-13 21:23:17.165734,9.104722222222222
PKG_000194,HUB_YGY,2026-10-04 06:47:00,2026-10-04 23:10:04.013377,16.384444444444444
PKG_000195,HUB_MKS,2026-10-11 09:34:00,2026-10-11 23:12:09.596363,13.635833333333334
PKG_000196,HUB_MKS,2026-10-12 13:03:00,2026-10-13 03:48:23.270050,14.756388888888889
PKG_000197,HUB_SBY,2026-10-10 11:29:00,2026-10-10 16:07:24.951200,4.64
PKG_000200,HUB_BDG,2026-10-11 17:33:00,2026-10-12 02:14:55.659093,8.698611111111111
PKG_000201,HUB_SBY,2026-10-12 22:58:00,2026-10-13 02:59:12.041935,4.02
PKG_000202,HUB_BDG,2026-10-07 00:22:00,2026-10-07 12:14:42.307174,11.878333333333334
PKG_000203,HUB_JKT,2026-10-07 13:50:00,2026-10-07 19:45:47.584655,5.929722222222222
PKG_000204,HUB_MKS,2026-10-13 08:39:00,2026-10-13 15:28:30.640201,6.825
PKG_000205,HUB_JKT,2026-10-02 19:09:00,2026-10-03 00:36:43.749647,5.461944444444445
PKG_000206,HUB_JKT,2026-10-15 00:14:00,2026-10-15 09:27:18.085140,9.221666666666666
PKG_000208,HUB_DPS,2026-10-11 20:45:00,2026-10-12 02:07:23.586569,5.373055555555555
PKG_000209,HUB_SBY,2026-10-06 06:49:00,2026-10-06 11:24:26.982769,4.5905555555555555
PKG_000210,HUB_BKS,2026-10-10 00:48:00,2026-10-10 05:55:20.167331,5.122222222222222
PKG_000211,HUB_JKT,2026-10-14 17:11:00,2026-10-15 05:45:29.986865,12.574722222222222
PKG_000212,HUB_MKS,2026-10-05 09:18:00,2026-10-06 00:15:17.867406,14.954722222222221
PKG_000213,HUB_JKT,2026-10-07 17:07:00,2026-10-07 20:17:07.891914,3.1686111111111113
PKG_000214,HUB_SBY,2026-10-05 04:54:00,2026-10-05 11:39:43.262365,6.7619444444444445
PKG_000216,HUB_JKT,2026-10-07 23:33:00,2026-10-08 10:20:37.432058,10.793611111111112
PKG_000217,HUB_SBY,2026-10-07 17:07:00,2026-10-08 00:25:39.527765,7.310833333333333
PKG_000218,HUB_DPS,2026-10-13 05:33:00,2026-10-13 13:21:21.571477,7.805833333333333
PKG_000220,HUB_JKT,2026-10-12 20:10:00,2026-10-13 02:12:02.462351,6.033888888888889
PKG_000221,HUB_JKT,2026-10-04 00:03:00,2026-10-04 04:17:51.361659,4.2475
PKG_000222,HUB_SBY,2026-10-14 03:50:00,2026-10-14 12:06:13.308109,8.270277777777778
PKG_000223,HUB_BKS,2026-10-11 17:48:00,2026-10-12 02:18:45.675385,8.5125
PKG_000224,HUB_MKS,2026-10-09 14:09:00,2026-10-10 01:09:27.962489,11.0075
PKG_000225,HUB_JKT,2026-10-13 05:24:00,2026-10-13 11:22:43.582547,5.978611111111111
PKG_000226,HUB_MKS,2026-10-09 15:08:00,2026-10-10 02:26:44.238468,11.312222222222223
PKG_000227,HUB_JKT,2026-10-10 12:57:00,2026-10-10 15:32:53.292817,2.5980555555555553
PKG_000228,HUB_DPS,2026-10-06 13:39:00,2026-10-06 16:16:22.831565,2.622777777777778
PKG_000229,HUB_MKS,2026-10-07 13:58:00,2026-10-08 01:01:12.078487,11.053333333333333
PKG_000230,HUB_BKS,2026-10-12 20:40:00,2026-10-13 08:12:31.520722,11.541944444444445
PKG_000231,HUB_SBY,2026-10-10 17:18:00,2026-10-11 01:04:20.883206,7.772222222222222
PKG_000232,HUB_JKT,2026-10-05 04:25:00,2026-10-05 11:09:01.215917,6.733611111111111
PKG_000233,HUB_DPS,2026-10-13 19:08:00,2026-10-13 23:25:09.179981,4.285833333333334
PKG_000234,HUB_MKS,2026-10-13 04:31:00,2026-10-13 16:22:12.306057,11.853333333333333
PKG_000235,HUB_JKT,2026-10-14 08:53:00,2026-10-14 15:22:09.159834,6.485833333333333
PKG_000236,HUB_JKT,2026-10-11 21:33:00,2026-10-12 01:23:35.557283,3.8430555555555554
PKG_000237,HUB_JKT,2026-10-11 14:38:00,2026-10-11 19:19:37.266607,4.693611111111111
PKG_000238,HUB_BDG,2026-10-05 14:56:00,2026-10-05 21:56:17.919146,7.004722222222222
PKG_000239,HUB_YGY,2026-10-14 04:17:00,2026-10-14 12:53:29.926742,8.608055555555556
PKG_000240,HUB_JKT,2026-10-12 02:51:00,2026-10-12 07:47:45.123680,4.945833333333334
PKG_000241,HUB_SBY,2026-10-12 02:41:00,2026-10-12 13:17:43.722232,10.611944444444445
PKG_000242,HUB_JKT,2026-10-01 03:29:00,2026-10-01 15:17:06.664301,11.801666666666666
PKG_000244,HUB_BKS,2026-10-01 09:21:00,2026-10-01 12:21:05.185661,3.001388888888889
PKG_000245,HUB_MKS,2026-10-06 11:36:00,2026-10-06 23:11:26.485633,11.590555555555556
PKG_000246,HUB_BKS,2026-10-06 03:20:00,2026-10-06 12:11:20.048530,8.855555555555556
PKG_000248,HUB_BDG,2026-10-13 21:01:00,2026-10-14 04:14:25.572154,7.223611111111111
PKG_000249,HUB_SBY,2026-10-13 21:32:00,2026-10-14 05:16:13.602180,7.736944444444444
PKG_000250,HUB_JKT,2026-10-05 17:08:00,2026-10-06 00:15:06.141464,7.118333333333333
PKG_000251,HUB_JKT,2026-10-09 20:31:00,2026-10-10 02:08:12.344144,5.62
PKG_000252,HUB_JKT,2026-10-03 05:20:00,2026-10-03 09:32:14.303108,4.203888888888889
PKG_000253,HUB_BDG,2026-10-01 16:10:00,2026-10-01 20:45:22.345447,4.589444444444444
PKG_000254,HUB_MKS,2026-10-15 01:50:00,2026-10-15 09:04:06.640206,7.235
PKG_000256,HUB_JKT,2026-10-05 06:20:00,2026-10-05 14:25:02.742789,8.08388888888889
PKG_000257,HUB_MKS,2026-10-08 09:10:00,2026-10-08 19:55:29.349722,10.758055555555556
PKG_000258,HUB_MKS,2026-10-09 15:55:00,2026-10-10 02:07:08.586591,10.202222222222222
PKG_000259,HUB_JKT,2026-10-02 18:00:00,2026-10-02 21:08:18.978533,3.138333333333333
PKG_000260,HUB_JKT,2026-10-15 02:42:00,2026-10-15 14:18:03.675097,11.600833333333334
PKG_000261,HUB_MKS,2026-10-07 20:04:00,2026-10-08 03:57:41.047166,7.894722222222223
PKG_000262,HUB_MKS,2026-10-14 02:30:00,2026-10-14 18:28:36.975283,15.976666666666667
PKG_000263,HUB_JKT,2026-10-13 09:59:00,2026-10-13 18:48:13.102026,8.820277777777777
PKG_000264,HUB_JKT,2026-10-10 07:26:00,2026-10-10 18:17:49.535164,10.863611111111112
PKG_000265,HUB_MKS,2026-10-11 05:15:00,2026-10-11 18:36:03.400832,13.350833333333334
PKG_000266,HUB_MKS,2026-10-13 05:13:00,2026-10-13 15:32:59.628539,10.333055555555555
PKG_000267,HUB_SBY,2026-10-13 19:35:00,2026-10-14 07:49:27.586985,12.240833333333333
PKG_000268,HUB_SBY,2026-10-13 16:44:00,2026-10-14 00:50:48.011811,8.113333333333333
PKG_000269,HUB_MKS,2026-10-08 20:23:00,2026-10-09 09:45:13.414025,13.370277777777778
PKG_000270,HUB_JKT,2026-10-05 16:58:00,2026-10-05 23:55:30.835056,6.958333333333333
PKG_000271,HUB_JKT,2026-10-03 14:51:00,2026-10-04 00:07:07.568220,9.268611111111111
PKG_000272,HUB_JKT,2026-10-10 16:51:00,2026-10-11 00:10:26.873880,7.323888888888889
PKG_000274,HUB_MKS,2026-10-13 05:12:00,2026-10-13 13:52:08.365924,8.668888888888889
PKG_000275,HUB_SBY,2026-10-14 14:01:00,2026-10-14 20:36:25.186540,6.590277777777778
PKG_000276,HUB_DPS,2026-10-14 10:18:00,2026-10-14 18:24:27.052616,8.1075
PKG_000277,HUB_MKS,2026-10-10 12:24:00,2026-10-10 20:12:44.532142,7.812222222222222
PKG_000278,HUB_JKT,2026-10-07 13:44:00,2026-10-07 18:52:17.066516,5.138055555555556
PKG_000279,HUB_JKT,2026-10-09 17:41:00,2026-10-10 03:34:25.323854,9.890277777777778
PKG_000280,HUB_JKT,2026-10-06 00:26:00,2026-10-06 06:45:53.623359,6.331388888888889
PKG_000281,HUB_BDG,2026-10-13 12:13:00,2026-10-13 16:27:50.394220,4.247222222222222
PKG_000282,HUB_MKS,2026-10-05 23:21:00,2026-10-06 09:37:43.740961,10.278611111111111
PKG_000283,HUB_MKS,2026-10-08 22:22:00,2026-10-09 09:33:28.072164,11.19111111111111
PKG_000284,HUB_DPS,2026-10-14 21:17:00,2026-10-15 02:58:15.683993,5.6875
PKG_000285,HUB_MKS,2026-10-07 09:30:00,2026-10-07 18:45:15.958367,9.254166666666666
PKG_000286,HUB_BDG,2026-10-04 02:02:00,2026-10-04 08:39:55.521751,6.631944444444445
PKG_000287,HUB_DPS,2026-10-06 16:21:00,2026-10-07 00:11:14.795779,7.8372222222222225
PKG_000288,HUB_MKS,2026-10-02 17:14:00,2026-10-03 05:29:08.355244,12.252222222222223
PKG_000289,HUB_MKS,2026-10-12 02:32:00,2026-10-12 12:57:04.376594,10.417777777777777
PKG_000290,HUB_JKT,2026-10-13 03:52:00,2026-10-13 11:01:20.127505,7.155555555555556
PKG_000291,HUB_MKS,2026-10-03 23:19:00,2026-10-04 07:10:49.563369,7.863611111111111
PKG_000293,HUB_SBY,2026-10-04 14:49:00,2026-10-05 02:55:11.004919,12.103055555555555
PKG_000294,HUB_SBY,2026-10-06 07:52:00,2026-10-06 12:44:14.662977,4.870555555555556
PKG_000295,HUB_MKS,2026-10-11 03:03:00,2026-10-11 17:23:57.416250,14.349166666666667
PKG_000296,HUB_SBY,2026-10-03 07:56:00,2026-10-03 16:39:29.521578,8.724722222222223
PKG_000297,HUB_SBY,2026-10-04 06:01:00,2026-10-04 17:26:31.242756,11.425277777777778
PKG_000298,HUB_SBY,2026-10-11 01:36:00,2026-10-11 11:26:27.845847,9.840833333333334
PKG_000299,HUB_YGY,2026-10-08 03:45:00,2026-10-08 13:13:53.487109,9.481388888888889
PKG_000300,HUB_JKT,2026-10-15 23:34:00,2026-10-16 04:44:33.259606,5.175833333333333
PKG_000301,HUB_BDG,2026-10-06 10:42:00,2026-10-06 16:58:40.151125,6.277777777777778
PKG_000302,HUB_JKT,2026-10-13 22:24:00,2026-10-14 05:26:21.377946,7.039166666666667
PKG_000303,HUB_MKS,2026-10-01 07:31:00,2026-10-01 17:57:43.738947,10.445277777777777
PKG_000304,HUB_SBY,2026-10-02 21:00:00,2026-10-03 06:12:38.403857,9.210555555555555
PKG_000305,HUB_BKS,2026-10-04 12:51:00,2026-10-04 16:25:33.801086,3.575833333333333
PKG_000306,HUB_BDG,2026-10-02 07:37:00,2026-10-02 14:33:09.275691,6.935833333333333
PKG_000307,HUB_SBY,2026-10-04 23:55:00,2026-10-05 11:17:06.612344,11.368333333333334
PKG_000308,HUB_JKT,2026-10-03 21:19:00,2026-10-04 06:59:29.547419,9.674722222222222
PKG_000310,HUB_MKS,2026-10-06 19:19:00,2026-10-07 07:21:29.726241,12.04138888888889
PKG_000311,HUB_JKT,2026-10-11 17:38:00,2026-10-11 20:56:33.447942,3.3091666666666666
PKG_000312,HUB_JKT,2026-10-06 15:35:00,2026-10-07 02:49:27.448369,11.240833333333333
PKG_000313,HUB_DPS,2026-10-05 01:56:00,2026-10-05 08:56:17.555118,7.004722222222222
PKG_000315,HUB_SBY,2026-10-11 13:21:00,2026-10-11 17:19:47.553537,3.979722222222222
PKG_000316,HUB_YGY,2026-10-01 13:03:00,2026-10-02 02:58:09.481879,13.919166666666667
PKG_000317,HUB_BDG,2026-10-07 23:56:00,2026-10-08 09:52:21.034483,9.939166666666667
PKG_000318,HUB_DPS,2026-10-12 19:51:00,2026-10-13 04:12:58.866170,8.366111111111111
PKG_000319,HUB_SBY,2026-10-09 23:22:00,2026-10-10 10:45:12.803058,11.386666666666667
PKG_000320,HUB_SBY,2026-10-08 10:10:00,2026-10-08 20:08:01.462065,9.966944444444444
PKG_000321,HUB_JKT,2026-10-04 17:46:00,2026-10-04 22:42:14.835664,4.937222222222222
PKG_000322,HUB_JKT,2026-10-07 22:08:00,2026-10-08 05:48:34.948716,7.676111111111111
PKG_000323,HUB_JKT,2026-10-09 02:16:00,2026-10-09 08:38:13.330326,6.370277777777778
PKG_000324,HUB_MKS,2026-10-03 03:43:00,2026-10-03 14:41:49.992405,10.980277777777777
PKG_000325,HUB_JKT,2026-10-10 02:46:00,2026-10-10 07:18:59.316930,4.549722222222222
PKG_000326,HUB_DPS,2026-10-11 02:10:00,2026-10-11 11:12:12.072542,9.036666666666667
PKG_000327,HUB_JKT,2026-10-14 01:25:00,2026-10-14 04:45:05.747785,3.334722222222222
PKG_000328,HUB_MKS,2026-10-04 09:10:00,2026-10-04 21:18:12.046296,12.136666666666667
PKG_000329,HUB_JKT,2026-10-07 08:47:00,2026-10-07 13:50:59.967704,5.066388888888889
PKG_000330,HUB_MKS,2026-10-09 04:07:00,2026-10-09 16:21:52.072104,12.247777777777777
PKG_000332,HUB_BKS,2026-10-03 06:41:00,2026-10-03 17:53:57.502814,11.215833333333334
PKG_000333,HUB_YGY,2026-10-14 02:24:00,2026-10-14 13:56:44.774888,11.545555555555556
PKG_000334,HUB_SBY,2026-10-14 11:04:00,2026-10-14 15:53:45.009711,4.829166666666667
PKG_000336,HUB_SBY,2026-10-03 23:15:00,2026-10-04 07:20:37.074715,8.09361111111111
PKG_000337,HUB_SBY,2026-10-04 05:21:00,2026-10-04 14:35:17.108486,9.238055555555556
PKG_000338,HUB_JKT,2026-10-04 02:31:00,2026-10-04 04:44:00.346452,2.216666666666667
PKG_000339,HUB_SBY,2026-10-13 18:54:00,2026-10-14 01:24:15.103406,6.504166666666666
PKG_000340,HUB_JKT,2026-10-01 00:58:00,2026-10-01 02:34:35.704719,1.6097222222222223
PKG_000341,HUB_SBY,2026-10-14 21:53:00,2026-10-15 06:58:13.373886,9.086944444444445
PKG_000342,HUB_DPS,2026-10-03 00:27:00,2026-10-03 10:07:27.554329,9.674166666666666
PKG_000343,HUB_JKT,2026-10-06 20:10:00,2026-10-07 04:05:12.157057,7.92
PKG_000344,HUB_MKS,2026-10-09 12:59:00,2026-10-09 19:35:58.243236,6.6161111111111115
PKG_000346,HUB_DPS,2026-10-03 02:50:00,2026-10-03 11:26:13.098873,8.60361111111111
PKG_000347,HUB_SBY,2026-10-10 21:07:00,2026-10-11 06:15:11.879504,9.136388888888888
PKG_000348,HUB_JKT,2026-10-06 09:43:00,2026-10-06 17:40:50.195414,7.963888888888889
PKG_000349,HUB_JKT,2026-10-15 05:22:00,2026-10-15 11:01:05.063417,5.651388888888889
PKG_000350,HUB_MKS,2026-10-12 03:06:00,2026-10-12 12:37:02.627158,9.517222222222221
PKG_000351,HUB_JKT,2026-10-02 00:22:00,2026-10-02 07:07:59.961299,6.766388888888889
PKG_000352,HUB_JKT,2026-10-13 07:42:00,2026-10-13 17:29:12.000173,9.786666666666667
PKG_000353,HUB_YGY,2026-10-11 19:19:00,2026-10-12 02:40:18.803877,7.355
PKG_000354,HUB_MKS,2026-10-15 02:45:00,2026-10-15 12:26:29.343590,9.69138888888889
PKG_000355,HUB_JKT,2026-10-01 23:18:00,2026-10-01 23:41:32.043233,0.39222222222222225
PKG_000356,HUB_DPS,2026-10-02 12:35:00,2026-10-02 22:32:08.133771,9.952222222222222
PKG_000357,HUB_JKT,2026-10-15 04:16:00,2026-10-15 07:32:56.258449,3.2822222222222224
PKG_000358,HUB_JKT,2026-10-03 07:09:00,2026-10-03 11:52:09.628878,4.719166666666666
PKG_000359,HUB_MKS,2026-10-11 18:20:00,2026-10-12 06:47:04.961561,12.45111111111111
PKG_000360,HUB_JKT,2026-10-11 19:31:00,2026-10-12 02:59:04.941525,7.467777777777778
PKG_000361,HUB_MKS,2026-10-03 05:38:00,2026-10-03 17:54:17.516916,12.27138888888889
PKG_000362,HUB_JKT,2026-10-11 01:14:00,2026-10-11 07:55:26.806488,6.690555555555555
PKG_000363,HUB_MKS,2026-10-04 14:49:00,2026-10-05 04:55:06.701829,14.101666666666667
PKG_000364,HUB_JKT,2026-10-02 07:28:00,2026-10-02 16:02:30.972120,8.575
PKG_000365,HUB_MKS,2026-10-15 11:01:00,2026-10-16 00:51:49.357371,13.846944444444444
PKG_000366,HUB_JKT,2026-10-06 21:15:00,2026-10-07 02:29:35.685462,5.243055555555555
PKG_000367,HUB_YGY,2026-10-06 00:53:00,2026-10-06 07:37:20.051766,6.738888888888889
PKG_000368,HUB_SBY,2026-10-14 16:18:00,2026-10-14 21:47:35.629502,5.493055555555555
PKG_000369,HUB_JKT,2026-10-09 13:36:00,2026-10-09 22:15:03.925749,8.650833333333333
PKG_000370,HUB_MKS,2026-10-14 12:16:00,2026-10-14 20:32:28.034855,8.274444444444445
PKG_000371,HUB_DPS,2026-10-06 22:37:00,2026-10-07 01:41:14.769743,3.0705555555555555
PKG_000372,HUB_BDG,2026-10-10 04:41:00,2026-10-10 07:03:36.785988,2.3766666666666665
PKG_000373,HUB_MKS,2026-10-09 20:02:00,2026-10-10 06:15:28.774316,10.224444444444444
PKG_000374,HUB_MKS,2026-10-09 03:47:00,2026-10-09 10:59:17.324615,7.204722222222222
PKG_000375,HUB_JKT,2026-10-06 21:15:00,2026-10-07 03:45:11.675318,6.503055555555555
PKG_000376,HUB_DPS,2026-10-10 13:38:00,2026-10-10 16:58:22.627307,3.3394444444444447
PKG_000377,HUB_DPS,2026-10-14 06:42:00,2026-10-14 10:09:10.828835,3.452777777777778
PKG_000378,HUB_DPS,2026-10-04 10:20:00,2026-10-04 15:09:01.514724,4.816944444444444
PKG_000379,HUB_JKT,2026-10-05 02:29:00,2026-10-05 10:00:22.108531,7.522777777777778
PKG_000380,HUB_JKT,2026-10-04 14:31:00,2026-10-04 18:40:24.138305,4.156666666666666
PKG_000381,HUB_YGY,2026-10-09 17:20:00,2026-10-10 05:25:13.791310,12.086944444444445
PKG_000382,HUB_JKT,2026-10-06 15:53:00,2026-10-06 22:58:26.139496,7.0905555555555555
PKG_000383,HUB_JKT,2026-10-02 00:58:00,2026-10-02 07:20:54.603252,6.381666666666667
PKG_000384,HUB_DPS,2026-10-09 04:11:00,2026-10-09 12:39:41.799351,8.478055555555555
PKG_000385,HUB_JKT,2026-10-01 11:58:00,2026-10-01 17:40:50.745935,5.713888888888889
PKG_000386,HUB_JKT,2026-10-02 02:11:00,2026-10-02 08:22:14.703305,6.187222222222222
PKG_000388,HUB_SBY,2026-10-10 12:44:00,2026-10-10 19:36:52.462903,6.881111111111111
PKG_000389,HUB_JKT,2026-10-05 13:05:00,2026-10-05 20:54:28.457044,7.8244444444444445
PKG_000391,HUB_JKT,2026-10-03 01:11:00,2026-10-03 08:21:55.747349,7.1819444444444445
PKG_000392,HUB_JKT,2026-10-04 23:24:00,2026-10-05 05:25:45.975207,6.029166666666667
PKG_000393,HUB_DPS,2026-10-02 01:03:00,2026-10-02 08:54:43.277735,7.861944444444444
PKG_000394,HUB_MKS,2026-10-08 19:10:00,2026-10-09 05:44:58.354433,10.582777777777778
PKG_000395,HUB_BDG,2026-10-15 18:21:00,2026-10-16 02:59:23.427793,8.639722222222222
PKG_000396,HUB_MKS,2026-10-13 22:43:00,2026-10-14 08:13:33.522891,9.509166666666667
PKG_000397,HUB_BDG,2026-10-03 23:21:00,2026-10-04 03:58:23.115786,4.623055555555555
PKG_000398,HUB_MKS,2026-10-13 20:34:00,2026-10-14 07:22:25.245398,10.806944444444444
PKG_000399,HUB_MKS,2026-10-06 15:45:00,2026-10-06 22:34:58.530654,6.832777777777777
PKG_000400,HUB_YGY,2026-10-12 12:06:00,2026-10-12 21:31:05.358247,9.418055555555556
PKG_000401,HUB_BKS,2026-10-02 03:29:00,2026-10-02 06:19:29.364230,2.841388888888889
PKG_000402,HUB_MKS,2026-10-08 04:36:00,2026-10-08 14:57:44.629052,10.362222222222222
PKG_000403,HUB_JKT,2026-10-03 01:38:00,2026-10-03 10:18:01.968704,8.666944444444445
PKG_000404,HUB_BDG,2026-10-06 01:44:00,2026-10-06 03:01:45.820917,1.2958333333333334
PKG_000405,HUB_MKS,2026-10-03 05:12:00,2026-10-03 15:48:12.977976,10.603333333333333
PKG_000406,HUB_JKT,2026-10-04 17:39:00,2026-10-04 22:52:58.011672,5.232777777777778
PKG_000407,HUB_JKT,2026-10-09 22:34:00,2026-10-10 06:34:02.193851,8.000555555555556
PKG_000408,HUB_JKT,2026-10-11 06:02:00,2026-10-11 17:35:20.396831,11.555555555555555
PKG_000409,HUB_MKS,2026-10-14 07:33:00,2026-10-14 15:05:17.224340,7.538055555555555
PKG_000410,HUB_SBY,2026-10-08 07:46:00,2026-10-08 16:35:07.897451,8.81861111111111
PKG_000411,HUB_YGY,2026-10-07 16:39:00,2026-10-08 00:22:14.265033,7.720555555555555
PKG_000412,HUB_SBY,2026-10-13 14:19:00,2026-10-13 23:12:25.965273,8.890277777777778
PKG_000413,HUB_BKS,2026-10-15 19:02:00,2026-10-16 02:34:43.482268,7.545277777777778
PKG_000414,HUB_YGY,2026-10-10 11:59:00,2026-10-10 20:44:25.261658,8.756944444444445
PKG_000415,HUB_JKT,2026-10-09 16:00:00,2026-10-10 01:16:35.037085,9.276388888888889
PKG_000416,HUB_SBY,2026-10-07 17:11:00,2026-10-08 04:37:49.879316,11.446944444444444
PKG_000417,HUB_MKS,2026-10-06 02:30:00,2026-10-06 12:50:49.461075,10.346944444444444
PKG_000419,HUB_MKS,2026-10-06 03:10:00,2026-10-06 16:58:57.441039,13.815833333333334
PKG_000421,HUB_JKT,2026-10-07 00:18:00,2026-10-07 09:33:55.982308,9.265277777777778
PKG_000422,HUB_JKT,2026-10-15 05:32:00,2026-10-15 14:56:52.517832,9.414444444444445
PKG_000423,HUB_JKT,2026-10-06 00:07:00,2026-10-06 10:02:17.518156,9.921388888888888
PKG_000424,HUB_SBY,2026-10-08 12:48:00,2026-10-08 20:29:26.313417,7.690555555555555
PKG_000425,HUB_BKS,2026-10-01 04:48:00,2026-10-01 12:31:51.190332,7.730833333333333
PKG_000426,HUB_MKS,2026-10-03 13:55:00,2026-10-04 01:56:14.215679,12.020555555555555
PKG_000427,HUB_BDG,2026-10-11 03:20:00,2026-10-11 08:44:38.861044,5.410555555555556
PKG_000428,HUB_MKS,2026-10-15 06:23:00,2026-10-15 17:03:24.998727,10.673333333333334
PKG_000429,HUB_MKS,2026-10-10 21:41:00,2026-10-11 04:35:50.753841,6.913888888888889
PKG_000430,HUB_BDG,2026-10-13 16:47:00,2026-10-13 19:33:56.087296,2.7822222222222224
PKG_000431,HUB_JKT,2026-10-09 20:43:00,2026-10-10 02:16:59.045595,5.566388888888889
PKG_000432,HUB_DPS,2026-10-03 09:57:00,2026-10-03 13:42:33.229908,3.7591666666666668
PKG_000433,HUB_BDG,2026-10-01 16:49:00,2026-10-01 21:16:14.451280,4.453888888888889
PKG_000434,HUB_SBY,2026-10-15 17:51:00,2026-10-16 02:51:08.342612,9.002222222222223
PKG_000435,HUB_MKS,2026-10-02 22:29:00,2026-10-03 07:35:03.431507,9.100833333333334
PKG_000436,HUB_JKT,2026-10-06 18:01:00,2026-10-07 04:55:35.247636,10.909722222222221
PKG_000437,HUB_BKS,2026-10-11 11:54:00,2026-10-11 17:18:04.338378,5.401111111111111
PKG_000438,HUB_SBY,2026-10-06 08:05:00,2026-10-06 15:48:52.642496,7.731111111111111
PKG_000439,HUB_JKT,2026-10-14 07:02:00,2026-10-14 15:53:40.718743,8.86111111111111
PKG_000440,HUB_SBY,2026-10-07 07:06:00,2026-10-07 18:14:40.795623,11.144444444444444
PKG_000441,HUB_JKT,2026-10-13 13:17:00,2026-10-13 23:04:28.076516,9.79111111111111
PKG_000442,HUB_SBY,2026-10-02 17:10:00,2026-10-03 03:56:29.099176,10.774722222222222
PKG_000443,HUB_JKT,2026-10-01 20:01:00,2026-10-02 00:02:56.538848,4.032222222222222
PKG_000444,HUB_SBY,2026-10-07 14:55:00,2026-10-07 22:25:10.047658,7.502777777777778
PKG_000445,HUB_BDG,2026-10-14 23:20:00,2026-10-15 05:08:32.770251,5.808888888888889
PKG_000446,HUB_SBY,2026-10-09 03:57:00,2026-10-09 08:35:54.089482,4.648333333333333
PKG_000448,HUB_JKT,2026-10-06 23:48:00,2026-10-07 10:24:52.357272,10.614444444444445
PKG_000449,HUB_JKT,2026-10-06 17:23:00,2026-10-06 20:29:46.612254,3.1127777777777776
PKG_000450,HUB_MKS,2026-10-04 03:53:00,2026-10-04 18:12:21.656124,14.3225
PKG_000451,HUB_SBY,2026-10-03 16:37:00,2026-10-03 23:44:44.324659,7.128888888888889
PKG_000452,HUB_MKS,2026-10-06 13:04:00,2026-10-06 21:22:21.430467,8.305833333333334
PKG_000453,HUB_JKT,2026-10-06 21:02:00,2026-10-07 06:41:49.225530,9.663611111111111
PKG_000454,HUB_YGY,2026-10-05 22:17:00,2026-10-06 05:52:18.667222,7.588333333333333
PKG_000455,HUB_BDG,2026-10-05 03:19:00,2026-10-05 08:40:44.816502,5.362222222222222
PKG_000456,HUB_JKT,2026-10-01 09:02:00,2026-10-01 13:56:35.828008,4.909722222222222
PKG_000457,HUB_MKS,2026-10-14 23:44:00,2026-10-15 06:04:59.328407,6.349722222222222
PKG_000458,HUB_JKT,2026-10-15 18:34:00,2026-10-15 22:33:31.650810,3.9919444444444445
PKG_000459,HUB_MKS,2026-10-09 16:12:00,2026-10-10 00:01:57.534539,7.8325
PKG_000460,HUB_DPS,2026-10-02 21:46:00,2026-10-03 07:54:46.635520,10.14611111111111
PKG_000461,HUB_MKS,2026-10-03 16:21:00,2026-10-04 00:26:40.881366,8.094444444444445
PKG_000462,HUB_JKT,2026-10-13 04:47:00,2026-10-13 11:28:59.260467,6.699722222222222
PKG_000463,HUB_BDG,2026-10-11 23:29:00,2026-10-12 08:22:07.832861,8.885277777777778
PKG_000464,HUB_DPS,2026-10-03 17:02:00,2026-10-04 02:25:02.055693,9.383888888888889
PKG_000465,HUB_JKT,2026-10-13 12:41:00,2026-10-13 16:49:09.522275,4.135833333333333
PKG_000466,HUB_SBY,2026-10-03 00:08:00,2026-10-03 06:08:21.704356,6.005833333333333
PKG_000467,HUB_SBY,2026-10-12 20:32:00,2026-10-13 03:34:19.179760,7.038611111111111
PKG_000468,HUB_JKT,2026-10-14 15:24:00,2026-10-15 04:39:55.441806,13.265277777777778
PKG_000469,HUB_BKS,2026-10-02 23:25:00,2026-10-03 09:45:50.878582,10.347222222222221
PKG_000470,HUB_JKT,2026-10-07 11:22:00,2026-10-07 18:16:46.964561,6.9127777777777775
PKG_000471,HUB_YGY,2026-10-11 08:21:00,2026-10-11 20:18:22.685993,11.956111111111111
PKG_000472,HUB_BDG,2026-10-06 20:44:00,2026-10-07 02:50:08.539665,6.102222222222222
PKG_000473,HUB_BDG,2026-10-08 17:30:00,2026-10-09 03:41:19.484856,10.188611111111111
PKG_000474,HUB_BKS,2026-10-06 05:34:00,2026-10-06 10:53:54.875439,5.331666666666667
PKG_000475,HUB_JKT,2026-10-10 01:52:00,2026-10-10 06:43:38.571035,4.860555555555556
PKG_000476,HUB_YGY,2026-10-05 07:51:00,2026-10-05 12:44:05.970949,4.884722222222222
PKG_000478,HUB_BDG,2026-10-09 10:43:00,2026-10-09 21:37:53.357864,10.914722222222222
PKG_000480,HUB_MKS,2026-10-04 23:27:00,2026-10-05 11:41:23.563363,12.239722222222222
PKG_000481,HUB_JKT,2026-10-09 05:28:00,2026-10-09 10:59:40.668980,5.527777777777778
PKG_000482,HUB_JKT,2026-10-09 11:19:00,2026-10-09 17:03:17.905581,5.7380555555555555
PKG_000483,HUB_BDG,2026-10-07 03:25:00,2026-10-07 11:58:39.484559,8.560833333333333
PKG_000484,HUB_MKS,2026-10-15 08:25:00,2026-10-15 15:54:57.051372,7.4991666666666665
PKG_000485,HUB_MKS,2026-10-04 17:12:00,2026-10-05 07:57:42.092851,14.761666666666667
PKG_000486,HUB_YGY,2026-10-06 20:44:00,2026-10-07 07:25:18.421060,10.688333333333333
PKG_000487,HUB_SBY,2026-10-13 06:03:00,2026-10-13 16:32:13.984847,10.486944444444445
PKG_000488,HUB_JKT,2026-10-15 08:59:00,2026-10-15 19:51:20.479265,10.872222222222222
PKG_000489,HUB_MKS,2026-10-02 14:57:00,2026-10-03 03:27:59.227009,12.516388888888889
PKG_000490,HUB_BDG,2026-10-09 06:20:00,2026-10-09 14:55:38.206536,8.59388888888889
PKG_000491,HUB_JKT,2026-10-06 17:25:00,2026-10-07 04:01:51.701078,10.614166666666666
PKG_000492,HUB_JKT,2026-10-10 00:49:00,2026-10-10 06:23:49.617576,5.580277777777778
PKG_000493,HUB_MKS,2026-10-06 05:15:00,2026-10-06 15:47:00.379771,10.533333333333333
PKG_000494,HUB_JKT,2026-10-11 20:02:00,2026-10-12 05:04:38.351721,9.043888888888889
PKG_000495,HUB_MKS,2026-10-14 10:40:00,2026-10-14 18:16:45.697649,7.6125
PKG_000496,HUB_MKS,2026-10-03 00:54:00,2026-10-03 09:22:06.543743,8.468333333333334
PKG_000497,HUB_MKS,2026-10-01 04:32:00,2026-10-01 13:55:28.340980,9.391111111111112
PKG_000498,HUB_MKS,2026-10-05 06:59:00,2026-10-05 14:47:36.858718,7.81
PKG_000499,HUB_MKS,2026-10-06 23:37:00,2026-10-07 13:11:41.016167,13.578055555555556
PKG_000500,HUB_MKS,2026-10-07 02:48:00,2026-10-07 14:58:20.383873,12.172222222222222
PKG_000501,HUB_JKT,2026-10-15 04:06:00,2026-10-15 08:54:16.046316,4.804444444444444
PKG_000502,HUB_MKS,2026-10-01 04:28:00,2026-10-01 15:04:37.829442,10.610277777777778
PKG_000503,HUB_BKS,2026-10-11 13:14:00,2026-10-11 19:01:31.922548,5.791944444444445
PKG_000504,HUB_JKT,2026-10-06 16:34:00,2026-10-06 22:58:00.104398,6.4
PKG_000505,HUB_MKS,2026-10-01 18:18:00,2026-10-02 06:04:46.489709,11.779444444444444
PKG_000506,HUB_JKT,2026-10-01 23:02:00,2026-10-02 09:54:12.617049,10.87
PKG_000508,HUB_YGY,2026-10-14 05:20:00,2026-10-14 14:01:36.382127,8.693333333333333
PKG_000510,HUB_MKS,2026-10-08 04:58:00,2026-10-08 21:04:56.028996,16.115555555555556
PKG_000511,HUB_SBY,2026-10-09 03:36:00,2026-10-09 11:47:44.850335,8.195555555555556
PKG_000512,HUB_MKS,2026-10-08 08:46:00,2026-10-08 17:23:30.511066,8.625
PKG_000513,HUB_JKT,2026-10-07 17:28:00,2026-10-08 01:47:09.072288,8.319166666666666
PKG_000514,HUB_MKS,2026-10-15 02:42:00,2026-10-15 10:22:11.254232,7.669722222222222
PKG_000515,HUB_MKS,2026-10-13 13:10:00,2026-10-14 00:49:20.595933,11.655555555555555
PKG_000516,HUB_JKT,2026-10-01 17:04:00,2026-10-02 01:44:50.841135,8.680555555555555
PKG_000518,HUB_JKT,2026-10-15 12:56:00,2026-10-15 22:19:11.393882,9.386388888888888
PKG_000520,HUB_MKS,2026-10-05 09:28:00,2026-10-05 19:13:42.889991,9.761666666666667
PKG_000521,HUB_JKT,2026-10-15 12:46:00,2026-10-15 16:26:46.203530,3.6794444444444445
PKG_000522,HUB_SBY,2026-10-13 03:34:00,2026-10-13 10:20:00.554077,6.766666666666667
PKG_000523,HUB_MKS,2026-10-15 09:50:00,2026-10-15 16:41:16.008223,6.854444444444445
PKG_000525,HUB_JKT,2026-10-07 20:01:00,2026-10-08 04:44:49.250059,8.730277777777777
PKG_000527,HUB_JKT,2026-10-07 20:00:00,2026-10-08 05:06:59.369468,9.116388888888888
PKG_000528,HUB_SBY,2026-10-14 02:41:00,2026-10-14 12:33:44.322331,9.87888888888889
PKG_000529,HUB_BDG,2026-10-08 14:37:00,2026-10-08 19:27:23.713215,4.839722222222222
PKG_000530,HUB_JKT,2026-10-15 09:15:00,2026-10-15 20:00:47.686807,10.763055555555555
PKG_000531,HUB_JKT,2026-10-02 03:35:00,2026-10-02 06:36:20.740977,3.022222222222222
PKG_000532,HUB_JKT,2026-10-08 15:35:00,2026-10-08 15:50:00.000000,0.25
PKG_000533,HUB_BDG,2026-10-03 23:12:00,2026-10-04 06:54:58.480697,7.716111111111111
PKG_000534,HUB_JKT,2026-10-07 01:24:00,2026-10-07 05:32:42.952486,4.145
PKG_000535,HUB_JKT,2026-10-08 07:09:00,2026-10-08 12:06:28.080165,4.957777777777777
PKG_000536,HUB_MKS,2026-10-06 07:30:00,2026-10-06 21:01:27.791500,13.524166666666666
PKG_000538,HUB_JKT,2026-10-05 18:08:00,2026-10-05 21:43:58.371135,3.5994444444444444
PKG_000539,HUB_BKS,2026-10-01 10:02:00,2026-10-01 12:09:00.612412,2.1166666666666667
PKG_000540,HUB_MKS,2026-10-01 04:33:00,2026-10-01 18:51:19.955003,14.305277777777778
PKG_000541,HUB_JKT,2026-10-15 18:39:00,2026-10-15 20:22:03.071760,1.7175
PKG_000542,HUB_JKT,2026-10-11 10:07:00,2026-10-11 21:41:04.904703,11.567777777777778
PKG_000543,HUB_SBY,2026-10-01 10:02:00,2026-10-01 17:12:11.164577,7.169722222222222
PKG_000544,HUB_DPS,2026-10-01 16:05:00,2026-10-02 00:29:39.781225,8.410833333333333
PKG_000545,HUB_SBY,2026-10-12 20:22:00,2026-10-13 08:12:14.290568,11.837222222222222
PKG_000546,HUB_JKT,2026-10-13 08:07:00,2026-10-13 14:16:23.943944,6.1563888888888885
PKG_000547,HUB_SBY,2026-10-12 22:04:00,2026-10-13 08:48:03.902164,10.734166666666667
PKG_000548,HUB_MKS,2026-10-03 16:39:00,2026-10-04 01:43:24.128315,9.073333333333334
PKG_000549,HUB_YGY,2026-10-07 21:40:00,2026-10-08 01:12:39.800939,3.5441666666666665
PKG_000550,HUB_BDG,2026-10-14 22:13:00,2026-10-15 07:45:30.353356,9.541666666666666
PKG_000551,HUB_JKT,2026-10-11 20:17:00,2026-10-12 06:30:10.249342,10.219444444444445
PKG_000553,HUB_BDG,2026-10-02 12:07:00,2026-10-02 22:22:03.344908,10.250833333333333
PKG_000554,HUB_BDG,2026-10-14 20:00:00,2026-10-15 09:04:40.364707,13.077777777777778
PKG_000556,HUB_MKS,2026-10-12 17:52:00,2026-10-13 04:00:43.641859,10.145277777777778
PKG_000557,HUB_JKT,2026-10-04 18:55:00,2026-10-04 22:52:19.558145,3.955277777777778
PKG_000558,HUB_JKT,2026-10-14 07:43:00,2026-10-14 16:19:46.590129,8.612777777777778
PKG_000559,HUB_MKS,2026-10-05 14:16:00,2026-10-06 01:34:14.859616,11.303888888888888
PKG_000560,HUB_SBY,2026-10-15 10:17:00,2026-10-15 18:03:07.490799,7.768611111111111
PKG_000561,HUB_MKS,2026-10-09 15:51:00,2026-10-10 03:49:21.494448,11.9725
PKG_000562,HUB_JKT,2026-10-08 00:14:00,2026-10-08 07:39:00.790353,7.416666666666667
PKG_000563,HUB_JKT,2026-10-15 04:00:00,2026-10-15 11:02:16.242502,7.0377777777777775
PKG_000566,HUB_DPS,2026-10-02 02:46:00,2026-10-02 09:41:42.586286,6.928333333333334
PKG_000567,HUB_MKS,2026-10-13 19:01:00,2026-10-14 06:43:49.227745,11.713611111111112
PKG_000569,HUB_MKS,2026-10-05 18:36:00,2026-10-06 03:57:05.416803,9.35138888888889
PKG_000570,HUB_YGY,2026-10-07 12:50:00,2026-10-07 18:35:25.191504,5.756944444444445
PKG_000571,HUB_SBY,2026-10-12 07:05:00,2026-10-12 12:04:34.027354,4.9927777777777775
PKG_000572,HUB_MKS,2026-10-03 16:24:00,2026-10-04 02:27:48.674950,10.063333333333333
PKG_000573,HUB_BDG,2026-10-05 19:57:00,2026-10-06 05:07:17.207394,9.171388888888888
PKG_000575,HUB_DPS,2026-10-01 19:25:00,2026-10-02 00:10:11.215599,4.753055555555555
PKG_000576,HUB_SBY,2026-10-12 20:34:00,2026-10-13 02:47:43.578856,6.228611111111111
PKG_000577,HUB_BDG,2026-10-09 01:06:00,2026-10-09 09:54:01.593576,8.800277777777778
PKG_000578,HUB_JKT,2026-10-03 15:48:00,2026-10-03 23:22:28.411369,7.5744444444444445
PKG_000579,HUB_MKS,2026-10-06 09:47:00,2026-10-06 17:01:50.114690,7.247222222222222
PKG_000580,HUB_JKT,2026-10-12 12:20:00,2026-10-12 22:43:43.723550,10.395277777777778
PKG_000581,HUB_MKS,2026-10-08 10:46:00,2026-10-09 00:24:54.462098,13.648333333333333
PKG_000582,HUB_SBY,2026-10-12 21:16:00,2026-10-13 09:44:13.467455,12.470277777777778
PKG_000583,HUB_DPS,2026-10-03 08:18:00,2026-10-03 11:09:48.527474,2.8633333333333333
PKG_000584,HUB_JKT,2026-10-08 06:17:00,2026-10-08 12:48:37.861297,6.526944444444444
PKG_000585,HUB_MKS,2026-10-03 07:54:00,2026-10-03 19:01:32.308511,11.125555555555556
PKG_000587,HUB_JKT,2026-10-09 22:02:00,2026-10-10 06:29:10.084757,8.452777777777778
PKG_000588,HUB_SBY,2026-10-13 03:21:00,2026-10-13 14:53:12.613177,11.536666666666667
PKG_000589,HUB_SBY,2026-10-03 05:07:00,2026-10-03 09:57:58.789583,4.849444444444444
PKG_000590,HUB_DPS,2026-10-09 22:07:00,2026-10-10 05:39:45.624595,7.545833333333333
PKG_000591,HUB_JKT,2026-10-03 13:39:00,2026-10-03 18:59:43.347600,5.345277777777778
PKG_000593,HUB_JKT,2026-10-04 14:50:00,2026-10-05 00:15:37.852432,9.426944444444445
PKG_000594,HUB_MKS,2026-10-06 08:58:00,2026-10-06 19:03:53.618235,10.098055555555556
PKG_000595,HUB_MKS,2026-10-08 09:41:00,2026-10-08 15:48:49.627795,6.130277777777778
PKG_000597,HUB_BDG,2026-10-04 08:07:00,2026-10-04 14:09:29.255029,6.041388888888889
PKG_000598,HUB_BDG,2026-10-07 22:19:00,2026-10-08 03:29:23.977620,5.173055555555556
PKG_000599,HUB_SBY,2026-10-12 14:45:00,2026-10-12 22:10:24.694598,7.423333333333333
PKG_000600,HUB_MKS,2026-10-07 10:07:00,2026-10-07 21:21:22.321368,11.239444444444445
PKG_000601,HUB_MKS,2026-10-13 09:42:00,2026-10-13 20:34:20.197849,10.872222222222222
PKG_000603,HUB_BKS,2026-10-02 22:14:00,2026-10-03 07:10:46.266110,8.946111111111112
PKG_000604,HUB_MKS,2026-10-11 05:47:00,2026-10-11 19:43:14.235539,13.937222222222223
PKG_000605,HUB_SBY,2026-10-07 03:02:00,2026-10-07 08:52:16.341321,5.837777777777778
PKG_000606,HUB_SBY,2026-10-04 05:35:00,2026-10-04 15:45:11.441814,10.169722222222223
PKG_000607,HUB_MKS,2026-10-14 21:10:00,2026-10-15 10:04:06.801177,12.901666666666667
PKG_000609,HUB_MKS,2026-10-07 16:54:00,2026-10-08 03:14:11.350153,10.336388888888889
PKG_000610,HUB_JKT,2026-10-02 04:11:00,2026-10-02 11:50:00.912467,7.65
PKG_000611,HUB_JKT,2026-10-07 07:44:00,2026-10-07 14:41:19.584007,6.955277777777778
PKG_000612,HUB_SBY,2026-10-09 09:56:00,2026-10-09 21:53:27.539151,11.9575
PKG_000613,HUB_JKT,2026-10-02 22:05:00,2026-10-03 08:22:35.690888,10.293055555555556
PKG_000614,HUB_SBY,2026-10-04 19:21:00,2026-10-05 03:09:52.809908,7.814444444444445
PKG_000615,HUB_JKT,2026-10-10 01:46:00,2026-10-10 05:57:17.865884,4.188055555555556
PKG_000617,HUB_YGY,2026-10-01 22:24:00,2026-10-02 09:55:10.292927,11.519444444444444
PKG_000618,HUB_BDG,2026-10-06 19:27:00,2026-10-07 04:43:03.163767,9.2675
PKG_000620,HUB_SBY,2026-10-08 23:58:00,2026-10-09 01:22:02.410153,1.4005555555555556
PKG_000621,HUB_SBY,2026-10-05 22:24:00,2026-10-06 10:17:35.594667,11.893055555555556
PKG_000622,HUB_MKS,2026-10-05 04:54:00,2026-10-05 14:18:32.362502,9.408888888888889
PKG_000623,HUB_DPS,2026-10-07 06:56:00,2026-10-07 13:53:56.461099,6.9655555555555555
PKG_000624,HUB_MKS,2026-10-02 08:48:00,2026-10-02 15:29:25.547427,6.690277777777778
PKG_000625,HUB_MKS,2026-10-15 16:31:00,2026-10-16 01:37:29.827959,9.108055555555556
PKG_000626,HUB_JKT,2026-10-14 00:01:00,2026-10-14 07:05:10.242877,7.069444444444445
PKG_000629,HUB_YGY,2026-10-09 04:01:00,2026-10-09 11:57:13.365622,7.936944444444444
PKG_000630,HUB_BDG,2026-10-07 14:21:00,2026-10-07 23:41:17.706072,9.338055555555556
PKG_000631,HUB_DPS,2026-10-15 08:24:00,2026-10-15 13:49:04.622267,5.417777777777777
PKG_000632,HUB_JKT,2026-10-09 20:19:00,2026-10-10 00:38:26.672422,4.323888888888889
PKG_000633,HUB_BKS,2026-10-01 20:13:00,2026-10-02 01:00:33.142419,4.7925
PKG_000634,HUB_DPS,2026-10-13 05:02:00,2026-10-13 13:27:18.042915,8.421666666666667
PKG_000635,HUB_MKS,2026-10-15 01:42:00,2026-10-15 15:55:35.544398,14.22638888888889
PKG_000636,HUB_JKT,2026-10-14 10:47:00,2026-10-14 18:53:10.964461,8.102777777777778
PKG_000637,HUB_JKT,2026-10-08 16:14:00,2026-10-09 01:54:30.394021,9.675
PKG_000638,HUB_BDG,2026-10-02 00:53:00,2026-10-02 01:48:39.573719,0.9275
PKG_000639,HUB_MKS,2026-10-10 23:34:00,2026-10-11 10:11:54.550200,10.631666666666666
PKG_000640,HUB_JKT,2026-10-01 03:56:00,2026-10-01 14:13:57.611825,10.299166666666666
PKG_000641,HUB_BDG,2026-10-03 21:18:00,2026-10-04 05:46:18.229040,8.471666666666666
PKG_000642,HUB_MKS,2026-10-03 00:04:00,2026-10-03 14:00:17.054631,13.938055555555556
PKG_000643,HUB_MKS,2026-10-03 04:15:00,2026-10-03 11:05:42.241925,6.845
PKG_000644,HUB_JKT,2026-10-04 09:29:00,2026-10-04 13:05:50.859634,3.613888888888889
PKG_000645,HUB_SBY,2026-10-07 11:40:00,2026-10-07 20:38:40.269041,8.977777777777778
PKG_000646,HUB_JKT,2026-10-01 15:52:00,2026-10-02 00:42:29.020279,8.841388888888888
PKG_000647,HUB_JKT,2026-10-08 09:52:00,2026-10-08 17:01:03.199884,7.150833333333333
PKG_000648,HUB_MKS,2026-10-02 05:40:00,2026-10-02 17:21:53.652616,11.698055555555555
PKG_000650,HUB_MKS,2026-10-08 19:38:00,2026-10-09 07:40:18.071077,12.038333333333334
PKG_000651,HUB_MKS,2026-10-13 13:52:00,2026-10-14 01:01:06.149528,11.151666666666667
PKG_000652,HUB_SBY,2026-10-06 14:42:00,2026-10-06 22:21:35.520068,7.659722222222222
PKG_000653,HUB_DPS,2026-10-10 12:09:00,2026-10-10 19:21:33.609954,7.2091666666666665
PKG_000654,HUB_BDG,2026-10-11 07:05:00,2026-10-11 14:29:40.403637,7.411111111111111
PKG_000655,HUB_MKS,2026-10-06 10:33:00,2026-10-06 20:23:45.915904,9.845833333333333
PKG_000656,HUB_MKS,2026-10-04 03:42:00,2026-10-04 13:19:38.895395,9.627222222222223
PKG_000657,HUB_DPS,2026-10-02 14:36:00,2026-10-02 18:13:43.968616,3.6286111111111112
PKG_000658,HUB_JKT,2026-10-02 20:12:00,2026-10-03 05:44:06.381712,9.535
PKG_000659,HUB_JKT,2026-10-09 17:08:00,2026-10-09 21:49:35.406930,4.6930555555555555
PKG_000660,HUB_BKS,2026-10-06 10:19:00,2026-10-06 18:54:49.510308,8.596944444444444
PKG_000661,HUB_BDG,2026-10-06 03:07:00,2026-10-06 08:19:42.577116,5.211666666666667
PKG_000662,HUB_BDG,2026-10-11 16:46:00,2026-10-12 05:05:33.810960,12.325833333333334
PKG_000663,HUB_YGY,2026-10-02 11:50:00,2026-10-02 22:47:35.895648,10.959722222222222
PKG_000664,HUB_JKT,2026-10-04 08:48:00,2026-10-04 20:36:16.234552,11.804444444444444
PKG_000666,HUB_MKS,2026-10-08 15:26:00,2026-10-09 02:21:33.653638,10.925833333333333
PKG_000667,HUB_BDG,2026-10-11 03:10:00,2026-10-11 07:32:34.472671,4.376111111111111
PKG_000668,HUB_BDG,2026-10-04 09:00:00,2026-10-04 17:20:37.950068,8.34361111111111
PKG_000669,HUB_BKS,2026-10-04 11:49:00,2026-10-04 18:28:34.863993,6.6594444444444445
PKG_000670,HUB_SBY,2026-10-08 19:47:00,2026-10-09 05:20:28.218509,9.557777777777778
PKG_000671,HUB_YGY,2026-10-04 07:23:00,2026-10-04 21:48:34.789077,14.426111111111112
PKG_000672,HUB_DPS,2026-10-14 01:19:00,2026-10-14 05:58:11.359765,4.6530555555555555
PKG_000673,HUB_MKS,2026-10-01 21:53:00,2026-10-02 10:24:31.228552,12.525277777777777
PKG_000674,HUB_SBY,2026-10-14 06:37:00,2026-10-14 17:32:48.839847,10.93
PKG_000675,HUB_SBY,2026-10-02 23:43:00,2026-10-03 10:41:30.494916,10.975
PKG_000676,HUB_SBY,2026-10-10 17:32:00,2026-10-11 01:39:16.856403,8.12111111111111
PKG_000677,HUB_JKT,2026-10-11 02:36:00,2026-10-11 09:27:43.639464,6.861944444444444
PKG_000678,HUB_BDG,2026-10-14 14:33:00,2026-10-14 19:27:44.539134,4.912222222222222
PKG_000679,HUB_YGY,2026-10-09 13:13:00,2026-10-10 00:23:47.231366,11.179722222222223
PKG_000680,HUB_JKT,2026-10-09 16:29:00,2026-10-10 00:50:13.339303,8.35361111111111
PKG_000681,HUB_SBY,2026-10-06 02:37:00,2026-10-06 11:17:21.021248,8.6725
PKG_000682,HUB_MKS,2026-10-12 04:38:00,2026-10-12 15:09:45.733763,10.529166666666667
PKG_000683,HUB_MKS,2026-10-09 05:34:00,2026-10-09 13:14:53.527371,7.681388888888889
PKG_000685,HUB_JKT,2026-10-10 13:06:00,2026-10-10 16:01:01.465431,2.9169444444444443
PKG_000686,HUB_BDG,2026-10-14 15:00:00,2026-10-14 17:47:42.054875,2.795
PKG_000688,HUB_DPS,2026-10-03 07:56:00,2026-10-03 16:17:55.038687,8.365277777777777
PKG_000689,HUB_YGY,2026-10-13 02:35:00,2026-10-13 10:40:33.537930,8.0925
PKG_000690,HUB_JKT,2026-10-09 06:00:00,2026-10-09 09:12:56.435869,3.2155555555555555
PKG_000691,HUB_JKT,2026-10-03 16:46:00,2026-10-04 00:37:06.402845,7.851666666666667
PKG_000692,HUB_BDG,2026-10-02 18:27:00,2026-10-03 06:48:17.513851,12.354722222222222
PKG_000693,HUB_MKS,2026-10-11 16:10:00,2026-10-12 04:04:02.927639,11.900555555555556
PKG_000696,HUB_YGY,2026-10-04 21:48:00,2026-10-05 03:25:10.976319,5.6194444444444445
PKG_000697,HUB_SBY,2026-10-09 08:08:00,2026-10-09 16:07:16.274459,7.987777777777778
PKG_000698,HUB_MKS,2026-10-08 03:38:00,2026-10-08 12:37:04.217713,8.984444444444444
PKG_000699,HUB_JKT,2026-10-08 11:11:00,2026-10-08 15:43:15.849903,4.5375
PKG_000701,HUB_BKS,2026-10-12 04:30:00,2026-10-12 09:19:08.193569,4.818888888888889
PKG_000702,HUB_SBY,2026-10-04 20:08:00,2026-10-05 02:24:58.854642,6.282777777777778
PKG_000703,HUB_BDG,2026-10-12 08:34:00,2026-10-12 15:21:43.767041,6.795277777777778
PKG_000704,HUB_SBY,2026-10-10 04:52:00,2026-10-10 17:15:22.383124,12.389444444444445
PKG_000705,HUB_JKT,2026-10-04 01:30:00,2026-10-04 12:31:10.095147,11.019444444444444
PKG_000707,HUB_SBY,2026-10-12 03:44:00,2026-10-12 09:06:30.837018,5.375
PKG_000708,HUB_JKT,2026-10-11 05:49:00,2026-10-11 12:43:21.001319,6.905833333333334
PKG_000709,HUB_JKT,2026-10-04 17:38:00,2026-10-04 23:17:29.744966,5.658055555555555
PKG_000710,HUB_MKS,2026-10-11 19:54:00,2026-10-12 06:28:18.835982,10.571666666666667
PKG_000711,HUB_SBY,2026-10-07 11:20:00,2026-10-07 19:34:38.407122,8.24388888888889
PKG_000712,HUB_JKT,2026-10-03 05:09:00,2026-10-03 12:41:23.162643,7.539722222222222
PKG_000713,HUB_JKT,2026-10-02 22:23:00,2026-10-03 06:09:41.403240,7.7780555555555555
PKG_000714,HUB_MKS,2026-10-10 14:00:00,2026-10-11 00:00:31.765726,10.008611111111112
PKG_000715,HUB_MKS,2026-10-12 02:42:00,2026-10-12 16:13:55.372118,13.531944444444445
PKG_000716,HUB_MKS,2026-10-12 07:24:00,2026-10-12 20:06:16.423195,12.704444444444444
PKG_000717,HUB_JKT,2026-10-14 01:13:00,2026-10-14 06:45:21.866786,5.539166666666667
PKG_000718,HUB_BDG,2026-10-11 19:33:00,2026-10-12 04:04:58.855102,8.532777777777778
PKG_000719,HUB_SBY,2026-10-08 03:07:00,2026-10-08 12:23:57.450839,9.2825
PKG_000720,HUB_MKS,2026-10-05 20:18:00,2026-10-06 09:12:45.515193,12.9125
PKG_000721,HUB_DPS,2026-10-10 20:52:00,2026-10-11 07:03:29.290884,10.19138888888889
PKG_000722,HUB_BDG,2026-10-10 08:03:00,2026-10-10 13:56:33.082671,5.8925
PKG_000723,HUB_SBY,2026-10-06 20:03:00,2026-10-07 03:50:27.373844,7.7908333333333335
PKG_000725,HUB_SBY,2026-10-05 00:06:00,2026-10-05 08:08:50.269111,8.047222222222222
PKG_000726,HUB_JKT,2026-10-10 06:16:00,2026-10-10 12:41:18.103814,6.421666666666667
PKG_000727,HUB_JKT,2026-10-13 23:49:00,2026-10-14 06:15:03.052190,6.434166666666667
PKG_000728,HUB_JKT,2026-10-03 18:46:00,2026-10-03 19:58:57.152279,1.2158333333333333
PKG_000729,HUB_YGY,2026-10-05 23:03:00,2026-10-06 09:00:23.200338,9.956388888888888
PKG_000730,HUB_YGY,2026-10-08 04:50:00,2026-10-08 15:03:17.602874,10.221388888888889
PKG_000731,HUB_MKS,2026-10-09 08:50:00,2026-10-09 19:33:25.298088,10.723611111111111
PKG_000732,HUB_BDG,2026-10-06 10:53:00,2026-10-06 17:55:06.081086,7.035
PKG_000733,HUB_MKS,2026-10-06 09:05:00,2026-10-06 21:08:07.247791,12.051944444444445
PKG_000734,HUB_JKT,2026-10-05 18:53:00,2026-10-05 23:56:59.172754,5.066388888888889
PKG_000735,HUB_BDG,2026-10-07 05:39:00,2026-10-07 16:15:33.323911,10.609166666666667
PKG_000736,HUB_BDG,2026-10-04 15:34:00,2026-10-04 19:36:13.616447,4.036944444444444
PKG_000737,HUB_MKS,2026-10-01 14:56:00,2026-10-02 01:42:08.904645,10.768888888888888
PKG_000738,HUB_MKS,2026-10-03 12:31:00,2026-10-03 19:26:47.464628,6.929722222222222
PKG_000739,HUB_SBY,2026-10-08 06:26:00,2026-10-08 10:05:02.068207,3.6505555555555556
PKG_000740,HUB_MKS,2026-10-09 22:54:00,2026-10-10 10:55:32.285732,12.025555555555556
PKG_000741,HUB_SBY,2026-10-15 06:13:00,2026-10-15 14:51:38.262474,8.643888888888888
PKG_000742,HUB_JKT,2026-10-09 08:56:00,2026-10-09 17:00:10.667903,8.069444444444445
PKG_000743,HUB_BDG,2026-10-12 05:52:00,2026-10-12 16:16:25.005398,10.406944444444445
PKG_000744,HUB_DPS,2026-10-14 15:43:00,2026-10-15 00:53:44.812283,9.178888888888888
PKG_000745,HUB_JKT,2026-10-06 22:58:00,2026-10-07 06:12:57.572559,7.2491666666666665
PKG_000746,HUB_BKS,2026-10-10 01:07:00,2026-10-10 09:50:34.881221,8.726111111111111
PKG_000747,HUB_JKT,2026-10-08 13:47:00,2026-10-08 23:20:37.749716,9.560277777777777
PKG_000748,HUB_JKT,2026-10-12 11:32:00,2026-10-12 17:20:57.532852,5.815833333333333
PKG_000749,HUB_MKS,2026-10-06 22:09:00,2026-10-07 10:03:20.069937,11.905555555555555
PKG_000750,HUB_JKT,2026-10-03 21:50:00,2026-10-04 07:23:05.972653,9.551388888888889
PKG_000751,HUB_JKT,2026-10-07 00:02:00,2026-10-07 04:22:25.938306,4.340277777777778
PKG_000752,HUB_SBY,2026-10-11 00:17:00,2026-10-11 08:29:55.109663,8.215277777777779
PKG_000753,HUB_MKS,2026-10-12 06:17:00,2026-10-12 19:03:14.977574,12.770555555555555
PKG_000754,HUB_JKT,2026-10-07 11:09:00,2026-10-07 18:44:42.380170,7.595
PKG_000756,HUB_SBY,2026-10-03 18:37:00,2026-10-04 02:35:15.122233,7.970833333333333
PKG_000758,HUB_SBY,2026-10-13 22:50:00,2026-10-14 09:06:25.477721,10.27361111111111
PKG_000759,HUB_MKS,2026-10-14 16:55:00,2026-10-15 01:33:46.919252,8.64611111111111
PKG_000760,HUB_BDG,2026-10-07 11:36:00,2026-10-07 20:48:37.583241,9.210277777777778
PKG_000761,HUB_DPS,2026-10-14 17:35:00,2026-10-15 02:35:39.285815,9.010833333333334
PKG_000762,HUB_MKS,2026-10-10 14:45:00,2026-10-11 03:58:03.165261,13.2175
PKG_000763,HUB_MKS,2026-10-06 02:27:00,2026-10-06 10:34:42.109637,8.128333333333334
PKG_000764,HUB_BDG,2026-10-07 20:03:00,2026-10-08 00:23:12.121935,4.336666666666667
PKG_000765,HUB_JKT,2026-10-02 17:47:00,2026-10-03 03:23:16.787211,9.604444444444445
PKG_000766,HUB_MKS,2026-10-12 10:56:00,2026-10-12 19:56:36.104357,9.01
PKG_000767,HUB_MKS,2026-10-07 18:33:00,2026-10-08 03:28:51.778838,8.930833333333334
PKG_000768,HUB_JKT,2026-10-02 18:43:00,2026-10-03 05:24:33.028175,10.6925
PKG_000769,HUB_JKT,2026-10-15 22:09:00,2026-10-16 01:21:13.814108,3.203611111111111
PKG_000770,HUB_MKS,2026-10-09 23:43:00,2026-10-10 10:45:58.299158,11.049444444444445
PKG_000771,HUB_JKT,2026-10-01 14:38:00,2026-10-01 22:32:58.128485,7.916111111111111
PKG_000772,HUB_MKS,2026-10-11 18:51:00,2026-10-12 08:50:51.962956,13.9975
PKG_000773,HUB_JKT,2026-10-11 05:29:00,2026-10-11 11:02:29.845426,5.558055555555556
PKG_000774,HUB_BKS,2026-10-12 06:43:00,2026-10-12 11:51:40.583199,5.144444444444445
PKG_000775,HUB_MKS,2026-10-14 21:57:00,2026-10-15 13:25:58.168496,15.482777777777779
PKG_000776,HUB_JKT,2026-10-15 18:03:00,2026-10-15 22:54:15.028513,4.854166666666667
PKG_000777,HUB_JKT,2026-10-07 13:17:00,2026-10-07 19:51:51.366087,6.5808333333333335
PKG_000778,HUB_SBY,2026-10-11 15:50:00,2026-10-11 21:33:02.899534,5.717222222222222
PKG_000779,HUB_SBY,2026-10-11 17:57:00,2026-10-12 03:56:00.560487,9.983333333333333
PKG_000780,HUB_SBY,2026-10-03 07:06:00,2026-10-03 11:00:36.962890,3.91
PKG_000781,HUB_MKS,2026-10-06 22:26:00,2026-10-07 08:01:04.757838,9.584444444444445
PKG_000782,HUB_JKT,2026-10-06 02:23:00,2026-10-06 10:31:57.378976,8.149166666666666
PKG_000783,HUB_DPS,2026-10-12 17:28:00,2026-10-12 23:02:13.347700,5.570277777777778
PKG_000784,HUB_BDG,2026-10-14 20:57:00,2026-10-15 03:44:07.917776,6.785277777777778
PKG_000785,HUB_DPS,2026-10-09 05:30:00,2026-10-09 13:08:45.704389,7.645833333333333
PKG_000786,HUB_JKT,2026-10-05 14:15:00,2026-10-05 22:59:00.762695,8.733333333333333
PKG_000787,HUB_MKS,2026-10-02 22:32:00,2026-10-03 08:38:07.029257,10.101944444444445
PKG_000788,HUB_JKT,2026-10-10 18:11:00,2026-10-11 05:07:32.014711,10.942222222222222
PKG_000790,HUB_MKS,2026-10-01 20:15:00,2026-10-02 02:48:21.906855,6.555833333333333
PKG_000791,HUB_SBY,2026-10-12 19:52:00,2026-10-13 06:56:05.497076,11.068055555555556
PKG_000792,HUB_BDG,2026-10-13 00:14:00,2026-10-13 07:17:16.047125,7.054444444444444
PKG_000793,HUB_SBY,2026-10-11 01:28:00,2026-10-11 08:16:20.646924,6.805555555555555
PKG_000794,HUB_SBY,2026-10-03 20:48:00,2026-10-04 00:21:15.846769,3.5541666666666667
PKG_000795,HUB_SBY,2026-10-01 12:47:00,2026-10-02 01:40:36.272253,12.893333333333333
PKG_000796,HUB_JKT,2026-10-09 11:41:00,2026-10-09 19:27:40.461544,7.777777777777778
PKG_000797,HUB_MKS,2026-10-01 02:50:00,2026-10-01 06:30:22.070729,3.6727777777777777
PKG_000798,HUB_MKS,2026-10-08 23:19:00,2026-10-09 11:53:11.896381,12.569722222222222
PKG_000799,HUB_SBY,2026-10-03 09:28:00,2026-10-03 16:24:51.852332,6.9475
PKG_000800,HUB_JKT,2026-10-03 23:01:00,2026-10-04 08:55:58.764655,9.91611111111111
PKG_000801,HUB_MKS,2026-10-07 00:00:00,2026-10-07 07:25:51.313904,7.430833333333333
PKG_000802,HUB_MKS,2026-10-12 00:44:00,2026-10-12 09:26:10.894104,8.702777777777778
PKG_000803,HUB_MKS,2026-10-04 13:39:00,2026-10-05 02:24:13.508448,12.75361111111111
PKG_000804,HUB_JKT,2026-10-09 10:52:00,2026-10-09 17:02:25.263035,6.173611111111111
PKG_000805,HUB_MKS,2026-10-07 22:39:00,2026-10-08 10:29:08.747958,11.835555555555555
PKG_000806,HUB_MKS,2026-10-13 20:58:00,2026-10-14 06:20:53.639964,9.381388888888889
PKG_000807,HUB_JKT,2026-10-15 11:35:00,2026-10-15 15:55:54.754902,4.348333333333334
PKG_000809,HUB_JKT,2026-10-01 13:32:00,2026-10-01 16:31:23.067833,2.9897222222222224
PKG_000810,HUB_MKS,2026-10-02 04:52:00,2026-10-02 13:25:04.157497,8.551111111111112
PKG_000811,HUB_JKT,2026-10-05 16:23:00,2026-10-05 23:29:56.764490,7.115555555555556
PKG_000812,HUB_DPS,2026-10-01 12:42:00,2026-10-01 23:06:28.838731,10.407777777777778
PKG_000813,HUB_BKS,2026-10-13 07:53:00,2026-10-13 14:34:08.945777,6.685555555555555
PKG_000814,HUB_JKT,2026-10-01 14:50:00,2026-10-01 23:02:50.279578,8.213888888888889
PKG_000815,HUB_YGY,2026-10-03 18:03:00,2026-10-04 04:48:10.932595,10.752777777777778
PKG_000816,HUB_JKT,2026-10-13 14:04:00,2026-10-13 21:39:33.201921,7.5925
PKG_000817,HUB_YGY,2026-10-03 07:26:00,2026-10-03 16:30:24.964419,9.073333333333334
PKG_000818,HUB_YGY,2026-10-09 11:52:00,2026-10-10 00:02:45.158322,12.179166666666667
PKG_000819,HUB_JKT,2026-10-11 13:45:00,2026-10-12 00:07:40.160352,10.377777777777778
PKG_000820,HUB_SBY,2026-10-08 23:55:00,2026-10-09 07:34:28.401865,7.657777777777778
PKG_000821,HUB_JKT,2026-10-03 00:59:00,2026-10-03 06:58:11.475574,5.9863888888888885
PKG_000822,HUB_JKT,2026-10-08 19:07:00,2026-10-09 02:53:58.907048,7.782777777777778
PKG_000823,HUB_JKT,2026-10-14 15:24:00,2026-10-14 19:46:45.049116,4.379166666666666
PKG_000824,HUB_DPS,2026-10-12 03:02:00,2026-10-12 14:24:43.261659,11.37861111111111
PKG_000825,HUB_BDG,2026-10-11 03:07:00,2026-10-11 09:31:18.243193,6.405
PKG_000827,HUB_JKT,2026-10-14 23:01:00,2026-10-15 02:48:28.020710,3.7911111111111113
PKG_000828,HUB_SBY,2026-10-01 03:53:00,2026-10-01 09:09:53.629253,5.2813888888888885
PKG_000829,HUB_MKS,2026-10-13 20:57:00,2026-10-14 05:51:13.764167,8.903611111111111
PKG_000830,HUB_DPS,2026-10-07 05:49:00,2026-10-07 09:19:00.543987,3.5
PKG_000831,HUB_MKS,2026-10-11 07:54:00,2026-10-11 21:02:19.032673,13.13861111111111
PKG_000832,HUB_JKT,2026-10-12 19:03:00,2026-10-13 02:04:56.686346,7.032222222222222
PKG_000833,HUB_MKS,2026-10-11 05:08:00,2026-10-11 14:37:30.984637,9.491666666666667
PKG_000834,HUB_YGY,2026-10-06 16:31:00,2026-10-07 03:47:49.791493,11.280277777777778
PKG_000835,HUB_JKT,2026-10-15 06:02:00,2026-10-15 17:25:49.371449,11.396944444444445
PKG_000836,HUB_JKT,2026-10-02 15:49:00,2026-10-02 20:54:57.197791,5.099166666666667
PKG_000837,HUB_JKT,2026-10-01 18:12:00,2026-10-01 21:25:46.746214,3.2294444444444443
PKG_000838,HUB_MKS,2026-10-03 07:36:00,2026-10-03 21:45:30.751141,14.158333333333333
PKG_000839,HUB_JKT,2026-10-14 15:26:00,2026-10-14 23:14:56.753264,7.815555555555555
PKG_000840,HUB_SBY,2026-10-01 14:11:00,2026-10-01 19:16:59.007047,5.099722222222222
PKG_000841,HUB_BDG,2026-10-05 09:44:00,2026-10-05 18:18:12.489452,8.57
PKG_000842,HUB_JKT,2026-10-03 21:43:00,2026-10-04 03:58:59.497448,6.266388888888889
PKG_000843,HUB_BDG,2026-10-04 08:30:00,2026-10-04 12:39:44.700004,4.162222222222222
PKG_000844,HUB_BDG,2026-10-13 17:32:00,2026-10-14 01:40:49.324208,8.146944444444445
PKG_000845,HUB_JKT,2026-10-11 19:48:00,2026-10-12 00:23:30.084849,4.591666666666667
PKG_000846,HUB_JKT,2026-10-11 08:06:00,2026-10-11 08:26:21.687458,0.33916666666666667
PKG_000847,HUB_MKS,2026-10-05 20:24:00,2026-10-06 07:10:50.603921,10.780555555555555
PKG_000848,HUB_MKS,2026-10-02 16:16:00,2026-10-03 06:49:44.158853,14.562222222222223
PKG_000849,HUB_MKS,2026-10-01 16:12:00,2026-10-02 03:20:32.339260,11.142222222222221
PKG_000851,HUB_YGY,2026-10-07 22:36:00,2026-10-08 05:17:19.069938,6.688611111111111
PKG_000852,HUB_SBY,2026-10-03 16:42:00,2026-10-04 01:51:09.359604,9.1525
PKG_000853,HUB_MKS,2026-10-15 11:25:00,2026-10-15 21:56:34.774398,10.526111111111112
PKG_000854,HUB_BDG,2026-10-03 21:03:00,2026-10-04 05:19:06.406965,8.268333333333333
PKG_000855,HUB_SBY,2026-10-02 11:25:00,2026-10-02 21:08:43.004086,9.72861111111111
PKG_000856,HUB_MKS,2026-10-11 23:56:00,2026-10-12 12:35:06.833399,12.651666666666667
PKG_000857,HUB_JKT,2026-10-05 23:53:00,2026-10-06 09:02:56.303855,9.165555555555555
PKG_000858,HUB_JKT,2026-10-02 22:17:00,2026-10-03 03:36:03.509518,5.3175
PKG_000859,HUB_SBY,2026-10-10 16:42:00,2026-10-10 22:39:47.675621,5.963055555555556
PKG_000860,HUB_JKT,2026-10-02 21:00:00,2026-10-03 04:48:14.412163,7.803888888888889
PKG_000861,HUB_JKT,2026-10-09 04:44:00,2026-10-09 13:21:24.353201,8.623333333333333
PKG_000862,HUB_SBY,2026-10-04 03:17:00,2026-10-04 12:10:53.488310,8.898055555555555
PKG_000864,HUB_JKT,2026-10-05 18:37:00,2026-10-06 00:03:57.704976,5.449166666666667
PKG_000865,HUB_BDG,2026-10-08 02:58:00,2026-10-08 11:57:53.307480,8.998055555555556
PKG_000867,HUB_SBY,2026-10-10 04:17:00,2026-10-10 13:05:30.982248,8.808333333333334
PKG_000868,HUB_BKS,2026-10-13 22:18:00,2026-10-14 00:29:00.691348,2.183333333333333
PKG_000869,HUB_MKS,2026-10-13 03:54:00,2026-10-13 12:15:18.140724,8.355
PKG_000870,HUB_JKT,2026-10-14 17:31:00,2026-10-15 02:22:25.067768,8.856944444444444
PKG_000872,HUB_BKS,2026-10-03 22:31:00,2026-10-04 05:11:25.633905,6.673611111111111
PKG_000873,HUB_JKT,2026-10-10 20:02:00,2026-10-11 04:33:46.044418,8.529444444444444
PKG_000874,HUB_JKT,2026-10-04 05:55:00,2026-10-04 09:33:05.940316,3.6347222222222224
PKG_000875,HUB_MKS,2026-10-11 12:41:00,2026-10-11 19:33:16.254658,6.871111111111111
PKG_000876,HUB_SBY,2026-10-04 23:38:00,2026-10-05 06:15:06.143806,6.618333333333333
PKG_000877,HUB_SBY,2026-10-03 04:10:00,2026-10-03 07:55:57.055272,3.765833333333333
PKG_000878,HUB_SBY,2026-10-05 22:39:00,2026-10-06 10:53:30.106290,12.241666666666667
PKG_000881,HUB_MKS,2026-10-02 13:15:00,2026-10-03 02:55:34.776340,13.676111111111112
PKG_000882,HUB_SBY,2026-10-05 00:47:00,2026-10-05 11:05:46.912702,10.312777777777777
PKG_000883,HUB_JKT,2026-10-09 03:33:00,2026-10-09 12:16:53.050565,8.731388888888889
PKG_000884,HUB_SBY,2026-10-03 08:08:00,2026-10-03 20:11:32.823881,12.05888888888889
PKG_000886,HUB_YGY,2026-10-03 04:45:00,2026-10-03 12:50:38.944229,8.09388888888889
PKG_000887,HUB_JKT,2026-10-13 18:57:00,2026-10-13 23:30:11.205079,4.553055555555556
PKG_000888,HUB_JKT,2026-10-15 21:10:00,2026-10-16 01:39:51.203131,4.4975
PKG_000889,HUB_MKS,2026-10-02 12:46:00,2026-10-03 01:12:04.932923,12.434444444444445
PKG_000890,HUB_MKS,2026-10-06 17:35:00,2026-10-07 02:23:15.275683,8.804166666666667
PKG_000891,HUB_SBY,2026-10-08 13:20:00,2026-10-08 23:44:52.007886,10.414444444444445
PKG_000892,HUB_MKS,2026-10-06 06:56:00,2026-10-06 21:12:36.166007,14.276666666666667
PKG_000893,HUB_JKT,2026-10-10 18:01:00,2026-10-11 01:10:29.608663,7.158055555555555
PKG_000894,HUB_DPS,2026-10-14 14:37:00,2026-10-14 17:38:37.019220,3.0269444444444447
PKG_000895,HUB_JKT,2026-10-10 10:35:00,2026-10-10 16:21:02.263967,5.767222222222222
PKG_000896,HUB_SBY,2026-10-06 15:37:00,2026-10-06 22:27:47.033126,6.846388888888889
PKG_000897,HUB_SBY,2026-10-02 11:17:00,2026-10-02 20:26:04.797815,9.151111111111112
PKG_000899,HUB_JKT,2026-10-06 15:58:00,2026-10-06 21:53:36.764979,5.926666666666667
PKG_000900,HUB_MKS,2026-10-11 17:04:00,2026-10-12 06:39:46.129458,13.596111111111112
PKG_000901,HUB_JKT,2026-10-09 16:18:00,2026-10-09 22:21:51.596776,6.064166666666667
PKG_000902,HUB_JKT,2026-10-07 10:40:00,2026-10-07 18:07:32.860124,7.458888888888889
PKG_000903,HUB_JKT,2026-10-01 07:00:00,2026-10-01 16:36:44.584296,9.612222222222222
PKG_000904,HUB_JKT,2026-10-14 09:17:00,2026-10-14 13:11:29.540514,3.9080555555555554
PKG_000905,HUB_BDG,2026-10-06 19:24:00,2026-10-07 03:27:21.409360,8.055833333333334
PKG_000907,HUB_SBY,2026-10-06 22:43:00,2026-10-07 02:28:47.821925,3.7630555555555554
PKG_000908,HUB_JKT,2026-10-09 17:54:00,2026-10-09 21:12:18.057464,3.305
PKG_000909,HUB_BDG,2026-10-06 18:06:00,2026-10-07 00:32:49.528746,6.446944444444444
PKG_000910,HUB_DPS,2026-10-03 11:40:00,2026-10-03 15:24:53.846514,3.7480555555555557
PKG_000911,HUB_MKS,2026-10-08 00:15:00,2026-10-08 12:16:01.186837,12.016944444444444
PKG_000912,HUB_MKS,2026-10-05 00:20:00,2026-10-05 10:53:40.423731,10.561111111111112
PKG_000913,HUB_BDG,2026-10-05 05:22:00,2026-10-05 14:07:46.036281,8.762777777777778
PKG_000914,HUB_JKT,2026-10-15 11:34:00,2026-10-15 22:31:57.907630,10.965833333333334
PKG_000915,HUB_MKS,2026-10-03 07:03:00,2026-10-03 19:30:46.620295,12.462777777777777
PKG_000916,HUB_MKS,2026-10-12 20:01:00,2026-10-13 06:38:02.603112,10.617222222222223
PKG_000917,HUB_MKS,2026-10-08 19:21:00,2026-10-09 10:27:22.552277,15.106111111111112
PKG_000918,HUB_JKT,2026-10-11 09:32:00,2026-10-11 16:31:02.187716,6.983888888888889
PKG_000919,HUB_MKS,2026-10-06 15:44:00,2026-10-06 23:52:58.959304,8.149444444444445
PKG_000920,HUB_BDG,2026-10-01 09:04:00,2026-10-01 19:07:10.115562,10.052777777777777
PKG_000921,HUB_MKS,2026-10-14 22:33:00,2026-10-15 09:40:51.420082,11.130833333333333
PKG_000922,HUB_MKS,2026-10-14 19:35:00,2026-10-15 03:51:26.711940,8.273888888888889
PKG_000923,HUB_JKT,2026-10-02 23:33:00,2026-10-03 05:21:53.017457,5.814722222222223
PKG_000924,HUB_JKT,2026-10-05 19:35:00,2026-10-06 06:07:43.481718,10.545277777777779
PKG_000925,HUB_DPS,2026-10-08 10:18:00,2026-10-08 20:17:23.782781,9.989722222222222
PKG_000926,HUB_MKS,2026-10-12 04:40:00,2026-10-12 12:43:07.529344,8.051944444444445
PKG_000927,HUB_SBY,2026-10-09 13:53:00,2026-10-10 01:51:54.187599,11.981666666666667
PKG_000928,HUB_JKT,2026-10-07 14:54:00,2026-10-07 19:41:44.013162,4.795555555555556
PKG_000930,HUB_BKS,2026-10-08 06:34:00,2026-10-08 11:38:00.320593,5.066666666666666
PKG_000931,HUB_JKT,2026-10-01 05:01:00,2026-10-01 09:19:07.902284,4.301944444444445
PKG_000932,HUB_JKT,2026-10-01 18:45:00,2026-10-02 01:05:17.093250,6.338055555555556
PKG_000933,HUB_MKS,2026-10-05 21:48:00,2026-10-06 04:24:00.685638,6.6
PKG_000934,HUB_BDG,2026-10-02 04:42:00,2026-10-02 12:19:18.949399,7.621666666666667
PKG_000935,HUB_DPS,2026-10-04 14:56:00,2026-10-05 00:34:43.174129,9.645277777777778
PKG_000936,HUB_JKT,2026-10-05 10:32:00,2026-10-05 17:21:23.517976,6.823055555555555
PKG_000937,HUB_JKT,2026-10-07 22:03:00,2026-10-08 03:36:29.053503,5.558055555555556
PKG_000938,HUB_SBY,2026-10-01 04:59:00,2026-10-01 13:52:38.942984,8.893888888888888
PKG_000939,HUB_BKS,2026-10-04 19:52:00,2026-10-05 02:52:15.037804,7.004166666666666
PKG_000940,HUB_YGY,2026-10-15 06:24:00,2026-10-15 14:53:46.149279,8.49611111111111
PKG_000941,HUB_JKT,2026-10-09 13:00:00,2026-10-09 21:14:35.735514,8.243055555555555
PKG_000942,HUB_MKS,2026-10-01 06:20:00,2026-10-01 09:14:46.042755,2.912777777777778
PKG_000943,HUB_MKS,2026-10-14 00:43:00,2026-10-14 07:24:09.477627,6.685833333333333
PKG_000944,HUB_JKT,2026-10-08 09:37:00,2026-10-08 17:06:38.553343,7.493888888888889
PKG_000945,HUB_MKS,2026-10-13 04:57:00,2026-10-13 16:05:29.293139,11.141388888888889
PKG_000946,HUB_JKT,2026-10-15 23:40:00,2026-10-16 03:39:42.835783,3.995
PKG_000947,HUB_JKT,2026-10-03 22:21:00,2026-10-04 02:06:41.456744,3.761388888888889
PKG_000949,HUB_SBY,2026-10-11 02:59:00,2026-10-11 13:20:09.023192,10.3525
PKG_000950,HUB_SBY,2026-10-02 00:25:00,2026-10-02 11:09:06.531581,10.735
PKG_000951,HUB_JKT,2026-10-09 04:05:00,2026-10-09 10:23:28.571059,6.307777777777778
PKG_000952,HUB_YGY,2026-10-10 16:17:00,2026-10-11 05:15:50.677287,12.980555555555556
PKG_000953,HUB_SBY,2026-10-09 11:14:00,2026-10-09 16:24:24.060583,5.173333333333333
PKG_000954,HUB_YGY,2026-10-06 15:10:00,2026-10-06 22:45:38.411985,7.5938888888888885
PKG_000955,HUB_MKS,2026-10-08 14:08:00,2026-10-09 00:52:48.295880,10.746666666666666
PKG_000956,HUB_BDG,2026-10-03 19:26:00,2026-10-04 01:32:55.927950,6.115277777777778
PKG_000957,HUB_SBY,2026-10-07 10:00:00,2026-10-07 15:15:31.610802,5.258611111111111
PKG_000958,HUB_YGY,2026-10-13 02:22:00,2026-10-13 10:16:43.306638,7.911944444444444
PKG_000960,HUB_SBY,2026-10-11 10:00:00,2026-10-11 20:14:23.182707,10.239722222222222
PKG_000961,HUB_YGY,2026-10-06 04:56:00,2026-10-06 12:15:17.596376,7.3213888888888885
PKG_000962,HUB_YGY,2026-10-04 18:10:00,2026-10-05 07:48:41.607861,13.644722222222223
PKG_000963,HUB_YGY,2026-10-12 13:48:00,2026-10-13 00:02:02.004872,10.233888888888888
PKG_000964,HUB_JKT,2026-10-01 03:58:00,2026-10-01 10:24:32.389249,6.442222222222222
PKG_000965,HUB_BDG,2026-10-13 00:25:00,2026-10-13 07:37:14.344899,7.203888888888889
PKG_000966,HUB_MKS,2026-10-04 00:48:00,2026-10-04 10:37:36.035716,9.826666666666666
PKG_000967,HUB_DPS,2026-10-06 16:24:00,2026-10-07 01:17:43.510852,8.895277777777778
PKG_000968,HUB_DPS,2026-10-15 15:08:00,2026-10-15 17:23:09.156530,2.2525
PKG_000970,HUB_JKT,2026-10-12 04:43:00,2026-10-12 13:46:27.966757,9.0575
PKG_000971,HUB_JKT,2026-10-09 23:55:00,2026-10-10 05:14:26.624957,5.323888888888889
PKG_000973,HUB_JKT,2026-10-04 01:00:00,2026-10-04 04:44:47.775931,3.7463888888888888
PKG_000974,HUB_MKS,2026-10-13 12:26:00,2026-10-14 01:28:18.562341,13.038333333333334
PKG_000975,HUB_SBY,2026-10-09 20:21:00,2026-10-10 09:06:46.771184,12.762777777777778
PKG_000976,HUB_BDG,2026-10-10 18:39:00,2026-10-11 06:46:17.172347,12.12138888888889
PKG_000977,HUB_JKT,2026-10-04 11:16:00,2026-10-04 18:03:27.365212,6.7908333333333335
PKG_000978,HUB_MKS,2026-10-03 08:17:00,2026-10-03 17:11:20.347663,8.905555555555555
PKG_000979,HUB_JKT,2026-10-04 00:15:00,2026-10-04 05:37:21.012503,5.3725
PKG_000980,HUB_MKS,2026-10-15 09:52:00,2026-10-15 21:31:45.050457,11.6625
PKG_000981,HUB_JKT,2026-10-09 06:33:00,2026-10-09 13:06:23.074405,6.556388888888889
PKG_000982,HUB_JKT,2026-10-11 17:48:00,2026-10-12 03:04:55.363829,9.281944444444445
PKG_000983,HUB_JKT,2026-10-01 07:27:00,2026-10-01 12:41:46.775270,5.246111111111111
PKG_000984,HUB_JKT,2026-10-07 06:42:00,2026-10-07 09:47:08.953297,3.0855555555555556
PKG_000985,HUB_MKS,2026-10-15 21:21:00,2026-10-16 08:31:21.845648,11.1725
PKG_000987,HUB_DPS,2026-10-13 18:01:00,2026-10-14 05:45:31.622072,11.741944444444444
PKG_000988,HUB_MKS,2026-10-01 11:56:00,2026-10-01 21:36:26.360997,9.67388888888889
PKG_000989,HUB_BKS,2026-10-05 07:52:00,2026-10-05 13:43:11.772644,5.853055555555556
PKG_000991,HUB_SBY,2026-10-12 22:45:00,2026-10-13 06:58:43.110134,8.22861111111111
PKG_000992,HUB_SBY,2026-10-07 07:41:00,2026-10-07 21:04:00.515006,13.383333333333333
PKG_000993,HUB_MKS,2026-10-01 00:45:00,2026-10-01 09:08:45.566134,8.395833333333334
PKG_000995,HUB_JKT,2026-10-01 08:32:00,2026-10-01 08:47:05.726078,0.2513888888888889
PKG_000996,HUB_DPS,2026-10-15 10:24:00,2026-10-15 15:17:05.427374,4.884722222222222
PKG_000997,HUB_DPS,2026-10-09 23:58:00,2026-10-10 07:28:51.306387,7.514166666666667
PKG_000998,HUB_DPS,2026-10-05 07:08:00,2026-10-05 15:08:19.593252,8.005277777777778
PKG_000999,HUB_BDG,2026-10-14 19:57:00,2026-10-15 03:58:47.045431,8.029722222222222
PKG_001000,HUB_BDG,2026-10-01 06:26:00,2026-10-01 15:13:12.641007,8.786666666666667
PKG_001001,HUB_JKT,2026-10-06 15:37:00,2026-10-06 22:51:55.550143,7.248611111111111
PKG_001002,HUB_BDG,2026-10-02 22:24:00,2026-10-03 03:56:32.880448,5.542222222222223
PKG_001005,HUB_DPS,2026-10-09 18:07:00,2026-10-09 23:05:03.329914,4.9675
PKG_001006,HUB_JKT,2026-10-08 14:15:00,2026-10-08 17:35:53.331230,3.3480555555555553
PKG_001007,HUB_MKS,2026-10-14 15:28:00,2026-10-15 03:03:59.269916,11.599722222222223
PKG_001008,HUB_MKS,2026-10-09 09:35:00,2026-10-09 22:28:24.737292,12.89
PKG_001009,HUB_JKT,2026-10-04 08:42:00,2026-10-04 12:36:39.785308,3.910833333333333
PKG_001010,HUB_JKT,2026-10-03 21:39:00,2026-10-04 07:11:09.097716,9.535833333333333
PKG_001011,HUB_BDG,2026-10-08 14:06:00,2026-10-09 01:28:40.628828,11.377777777777778
PKG_001012,HUB_JKT,2026-10-02 21:39:00,2026-10-03 09:13:56.599860,11.582222222222223
PKG_001013,HUB_JKT,2026-10-01 01:33:00,2026-10-01 09:57:37.966360,8.410277777777777
PKG_001014,HUB_BDG,2026-10-04 04:06:00,2026-10-04 16:15:58.562188,12.16611111111111
PKG_001015,HUB_BDG,2026-10-02 06:30:00,2026-10-02 13:58:35.153835,7.476388888888889
PKG_001016,HUB_JKT,2026-10-14 05:38:00,2026-10-14 11:23:06.255185,5.751666666666667
PKG_001017,HUB_JKT,2026-10-13 22:50:00,2026-10-14 07:05:55.291049,8.265277777777778
PKG_001018,HUB_SBY,2026-10-11 02:28:00,2026-10-11 08:42:04.078644,6.234444444444445
PKG_001019,HUB_BDG,2026-10-12 10:51:00,2026-10-12 19:41:28.923651,8.841111111111111
PKG_001020,HUB_JKT,2026-10-06 04:08:00,2026-10-06 13:15:26.152834,9.123888888888889
PKG_001021,HUB_JKT,2026-10-15 02:04:00,2026-10-15 11:24:32.252371,9.342222222222222
PKG_001022,HUB_SBY,2026-10-10 05:14:00,2026-10-10 14:35:35.591703,9.359722222222222
PKG_001023,HUB_JKT,2026-10-14 17:25:00,2026-10-15 00:49:24.221383,7.406666666666666
PKG_001024,HUB_JKT,2026-10-01 17:40:00,2026-10-01 22:26:36.135198,4.776666666666666
PKG_001025,HUB_JKT,2026-10-03 02:54:00,2026-10-03 10:12:21.273396,7.305833333333333
PKG_001026,HUB_BKS,2026-10-03 05:10:00,2026-10-03 11:03:11.824283,5.886388888888889
PKG_001027,HUB_BDG,2026-10-11 20:28:00,2026-10-11 23:46:53.357781,3.314722222222222
PKG_001028,HUB_DPS,2026-10-15 21:17:00,2026-10-16 01:15:35.181835,3.9763888888888888
PKG_001029,HUB_MKS,2026-10-08 18:27:00,2026-10-09 03:41:44.321138,9.245555555555555
PKG_001030,HUB_JKT,2026-10-14 21:21:00,2026-10-15 04:46:46.689862,7.429444444444444
PKG_001031,HUB_BDG,2026-10-08 01:03:00,2026-10-08 02:14:56.008176,1.198888888888889
PKG_001033,HUB_BDG,2026-10-11 01:24:00,2026-10-11 08:05:36.924419,6.693333333333333
PKG_001034,HUB_DPS,2026-10-03 22:26:00,2026-10-04 03:49:08.799377,5.385555555555555
PKG_001035,HUB_MKS,2026-10-01 23:18:00,2026-10-02 07:11:26.613152,7.890555555555555
PKG_001036,HUB_JKT,2026-10-10 02:03:00,2026-10-10 06:34:50.610174,4.530555555555556
PKG_001037,HUB_MKS,2026-10-11 13:52:00,2026-10-12 01:35:12.443872,11.72
PKG_001038,HUB_JKT,2026-10-14 18:03:00,2026-10-15 02:02:52.979693,7.997777777777777
PKG_001039,HUB_MKS,2026-10-15 13:38:00,2026-10-16 00:52:13.722204,11.236944444444445
PKG_001040,HUB_JKT,2026-10-05 19:30:00,2026-10-06 05:39:18.109487,10.155
PKG_001041,HUB_JKT,2026-10-10 05:13:00,2026-10-10 16:38:50.352602,11.430555555555555
PKG_001042,HUB_DPS,2026-10-10 18:02:00,2026-10-11 03:01:53.166986,8.998055555555556
PKG_001043,HUB_SBY,2026-10-04 15:45:00,2026-10-05 02:51:59.279559,11.116388888888888
PKG_001044,HUB_SBY,2026-10-14 03:55:00,2026-10-14 11:50:31.163746,7.925277777777778
PKG_001045,HUB_JKT,2026-10-04 10:11:00,2026-10-04 21:49:12.856787,11.636666666666667
PKG_001046,HUB_BKS,2026-10-03 20:39:00,2026-10-03 23:07:22.042202,2.472777777777778
PKG_001047,HUB_SBY,2026-10-04 18:42:00,2026-10-05 01:47:40.568150,7.094444444444444
PKG_001048,HUB_JKT,2026-10-07 23:38:00,2026-10-08 05:35:58.090096,5.966111111111111
PKG_001049,HUB_MKS,2026-10-13 08:15:00,2026-10-13 12:42:48.077236,4.463333333333333
PKG_001050,HUB_MKS,2026-10-07 11:39:00,2026-10-08 01:11:07.304773,13.535277777777777
PKG_001051,HUB_DPS,2026-10-02 23:51:00,2026-10-03 06:45:10.755734,6.902777777777778
PKG_001052,HUB_JKT,2026-10-11 02:32:00,2026-10-11 08:26:03.823091,5.900833333333333
PKG_001053,HUB_MKS,2026-10-03 14:31:00,2026-10-04 01:57:39.553347,11.444166666666666
PKG_001054,HUB_SBY,2026-10-01 04:09:00,2026-10-01 15:18:07.943873,11.151944444444444
PKG_001056,HUB_SBY,2026-10-08 05:22:00,2026-10-08 13:39:52.025929,8.297777777777778
PKG_001057,HUB_SBY,2026-10-02 04:10:00,2026-10-02 13:42:26.467789,9.540555555555555
PKG_001058,HUB_MKS,2026-10-03 06:22:00,2026-10-03 13:45:09.590182,7.385833333333333
PKG_001061,HUB_JKT,2026-10-15 20:21:00,2026-10-16 05:01:52.872247,8.681111111111111
PKG_001062,HUB_JKT,2026-10-04 06:31:00,2026-10-04 12:15:39.665991,5.744166666666667
PKG_001063,HUB_JKT,2026-10-07 10:15:00,2026-10-07 17:07:52.262315,6.881111111111111
PKG_001065,HUB_BDG,2026-10-05 02:11:00,2026-10-05 08:03:08.926965,5.868888888888889
PKG_001066,HUB_BKS,2026-10-14 15:40:00,2026-10-15 02:49:22.139157,11.15611111111111
PKG_001067,HUB_JKT,2026-10-12 15:28:00,2026-10-12 22:35:12.418439,7.12
PKG_001068,HUB_JKT,2026-10-07 05:27:00,2026-10-07 10:42:31.151663,5.258611111111111
PKG_001069,HUB_MKS,2026-10-12 15:58:00,2026-10-13 07:48:01.545366,15.83361111111111
PKG_001070,HUB_BDG,2026-10-14 08:53:00,2026-10-14 14:30:49.860886,5.630277777777778
PKG_001071,HUB_SBY,2026-10-08 06:04:00,2026-10-08 12:07:05.361372,6.051388888888889
PKG_001072,HUB_JKT,2026-10-12 15:16:00,2026-10-12 19:52:53.774937,4.614722222222222
PKG_001073,HUB_MKS,2026-10-03 14:36:00,2026-10-04 02:02:26.988665,11.440555555555555
PKG_001074,HUB_JKT,2026-10-08 05:59:00,2026-10-08 14:58:46.490079,8.99611111111111
PKG_001075,HUB_JKT,2026-10-07 10:53:00,2026-10-07 15:25:40.999627,4.544444444444444
PKG_001076,HUB_DPS,2026-10-10 14:19:00,2026-10-10 18:59:23.917807,4.673055555555556
PKG_001077,HUB_JKT,2026-10-07 05:52:00,2026-10-07 11:44:02.890570,5.867222222222222
PKG_001078,HUB_DPS,2026-10-01 02:32:00,2026-10-01 09:38:40.310740,7.111111111111111
PKG_001079,HUB_JKT,2026-10-15 16:08:00,2026-10-16 01:56:06.953539,9.801666666666666
PKG_001080,HUB_BDG,2026-10-12 05:41:00,2026-10-12 13:28:14.917199,7.787222222222222
PKG_001081,HUB_JKT,2026-10-09 12:12:00,2026-10-09 20:16:33.866751,8.075833333333334
PKG_001082,HUB_JKT,2026-10-03 00:04:00,2026-10-03 06:37:21.199143,6.555833333333333
PKG_001083,HUB_DPS,2026-10-06 21:49:00,2026-10-07 04:52:04.624323,7.051111111111111
PKG_001084,HUB_SBY,2026-10-04 03:14:00,2026-10-04 11:14:12.720394,8.003333333333334
PKG_001085,HUB_DPS,2026-10-15 11:50:00,2026-10-15 17:07:36.181241,5.293333333333333
PKG_001086,HUB_JKT,2026-10-07 00:04:00,2026-10-07 07:29:09.218218,7.4191666666666665
PKG_001087,HUB_DPS,2026-10-02 18:36:00,2026-10-03 03:42:04.015863,9.101111111111111
PKG_001088,HUB_BDG,2026-10-13 00:09:00,2026-10-13 08:58:41.911096,8.828055555555556
PKG_001089,HUB_JKT,2026-10-03 23:01:00,2026-10-04 06:28:47.565145,7.463055555555556
PKG_001090,HUB_JKT,2026-10-07 23:44:00,2026-10-08 09:03:53.015272,9.331388888888888
PKG_001091,HUB_JKT,2026-10-11 11:41:00,2026-10-11 18:54:55.414497,7.231944444444444
PKG_001092,HUB_JKT,2026-10-12 10:15:00,2026-10-12 17:48:20.133805,7.555555555555555
PKG_001093,HUB_DPS,2026-10-05 09:54:00,2026-10-05 15:42:25.750176,5.8069444444444445
PKG_001094,HUB_YGY,2026-10-05 23:55:00,2026-10-06 11:21:29.822086,11.44138888888889
PKG_001095,HUB_DPS,2026-10-10 04:56:00,2026-10-10 10:32:03.316409,5.600833333333333
PKG_001097,HUB_DPS,2026-10-06 10:19:00,2026-10-06 18:38:00.788214,8.316666666666666
PKG_001098,HUB_JKT,2026-10-07 00:05:00,2026-10-07 10:23:58.942676,10.31611111111111
PKG_001099,HUB_JKT,2026-10-06 15:10:00,2026-10-06 21:25:03.933039,6.2508333333333335
PKG_001100,HUB_BDG,2026-10-03 06:36:00,2026-10-03 14:13:49.347830,7.630277777777778
PKG_001101,HUB_MKS,2026-10-09 06:57:00,2026-10-09 12:55:03.996746,5.9675
PKG_001102,HUB_MKS,2026-10-07 03:25:00,2026-10-07 15:07:06.026249,11.701666666666666
PKG_001103,HUB_JKT,2026-10-12 07:52:00,2026-10-12 18:05:13.439107,10.220277777777778
PKG_001104,HUB_JKT,2026-10-07 05:35:00,2026-10-07 13:12:59.939612,7.633055555555556
PKG_001105,HUB_JKT,2026-10-08 22:30:00,2026-10-09 07:23:54.156521,8.898333333333333
PKG_001106,HUB_SBY,2026-10-10 20:43:00,2026-10-11 03:36:19.734756,6.8886111111111115
PKG_001107,HUB_MKS,2026-10-04 10:02:00,2026-10-04 18:29:13.491502,8.453611111111112
PKG_001109,HUB_DPS,2026-10-12 10:09:00,2026-10-12 14:28:45.553245,4.329166666666667
PKG_001110,HUB_JKT,2026-10-05 23:31:00,2026-10-06 02:49:44.505890,3.312222222222222
PKG_001111,HUB_DPS,2026-10-06 22:40:00,2026-10-07 08:07:20.598628,9.455555555555556
PKG_001112,HUB_JKT,2026-10-10 11:21:00,2026-10-10 16:43:47.171533,5.379722222222222
PKG_001113,HUB_MKS,2026-10-10 22:36:00,2026-10-11 11:37:02.294936,13.017222222222221
PKG_001114,HUB_YGY,2026-10-11 11:55:00,2026-10-11 22:39:05.877417,10.734722222222222
PKG_001115,HUB_JKT,2026-10-06 12:31:00,2026-10-06 17:24:06.563350,4.885
PKG_001116,HUB_SBY,2026-10-11 12:45:00,2026-10-11 20:04:54.370527,7.331666666666667
PKG_001117,HUB_SBY,2026-10-08 14:07:00,2026-10-08 18:45:52.475885,4.647777777777778
PKG_001118,HUB_SBY,2026-10-05 15:59:00,2026-10-05 21:53:19.511843,5.905277777777778
PKG_001120,HUB_JKT,2026-10-14 17:45:00,2026-10-15 07:43:35.715934,13.97638888888889
PKG_001121,HUB_MKS,2026-10-03 18:31:00,2026-10-04 04:07:46.739788,9.612777777777778
PKG_001122,HUB_SBY,2026-10-03 19:16:00,2026-10-04 06:30:03.887293,11.234166666666667
PKG_001123,HUB_SBY,2026-10-13 10:33:00,2026-10-13 19:55:41.133976,9.378055555555555
PKG_001124,HUB_BDG,2026-10-11 13:23:00,2026-10-11 23:36:22.484719,10.222777777777777
PKG_001125,HUB_JKT,2026-10-15 16:18:00,2026-10-15 21:09:27.489307,4.8575
PKG_001126,HUB_JKT,2026-10-04 14:27:00,2026-10-04 18:29:05.186328,4.034722222222222
PKG_001127,HUB_JKT,2026-10-15 22:13:00,2026-10-16 07:20:13.515205,9.120277777777778
PKG_001128,HUB_DPS,2026-10-02 13:15:00,2026-10-02 22:43:23.760300,9.473055555555556
PKG_001129,HUB_DPS,2026-10-15 23:51:00,2026-10-16 05:03:01.931792,5.200277777777778
PKG_001130,HUB_DPS,2026-10-04 14:55:00,2026-10-04 21:12:25.987253,6.290277777777778
PKG_001131,HUB_BDG,2026-10-06 09:13:00,2026-10-06 20:46:55.041931,11.565277777777778
PKG_001132,HUB_JKT,2026-10-02 15:48:00,2026-10-03 01:58:15.834121,10.170833333333333
PKG_001133,HUB_MKS,2026-10-04 00:45:00,2026-10-04 14:30:25.143199,13.756944444444445
PKG_001135,HUB_JKT,2026-10-10 06:50:00,2026-10-10 09:17:17.192334,2.4547222222222222
PKG_001136,HUB_JKT,2026-10-11 18:43:00,2026-10-11 23:38:13.284861,4.920277777777778
PKG_001137,HUB_SBY,2026-10-02 14:42:00,2026-10-02 22:01:01.688676,7.316944444444444
PKG_001138,HUB_BDG,2026-10-07 14:19:00,2026-10-07 21:16:03.820895,6.950833333333334
PKG_001139,HUB_JKT,2026-10-14 02:13:00,2026-10-14 09:22:47.167604,7.163055555555555
PKG_001141,HUB_JKT,2026-10-08 12:00:00,2026-10-08 22:16:41.334342,10.278055555555556
PKG_001143,HUB_MKS,2026-10-03 22:42:00,2026-10-04 09:06:22.276807,10.40611111111111
PKG_001145,HUB_SBY,2026-10-01 09:52:00,2026-10-01 17:35:33.449548,7.725833333333333
PKG_001146,HUB_DPS,2026-10-09 08:49:00,2026-10-09 15:03:06.029562,6.235
PKG_001148,HUB_JKT,2026-10-05 02:37:00,2026-10-05 06:26:13.707251,3.8202777777777777
PKG_001149,HUB_MKS,2026-10-15 23:07:00,2026-10-16 10:20:05.801670,11.218055555555555
PKG_001150,HUB_JKT,2026-10-07 21:19:00,2026-10-08 05:00:41.923771,7.6947222222222225
PKG_001151,HUB_SBY,2026-10-12 10:56:00,2026-10-12 21:15:40.997525,10.327777777777778
PKG_001152,HUB_MKS,2026-10-07 22:32:00,2026-10-08 10:26:23.686213,11.90638888888889
PKG_001153,HUB_SBY,2026-10-15 18:56:00,2026-10-16 03:59:02.273384,9.050555555555556
PKG_001155,HUB_SBY,2026-10-13 02:48:00,2026-10-13 13:19:09.360808,10.519166666666667
PKG_001157,HUB_DPS,2026-10-02 07:11:00,2026-10-02 14:48:11.788380,7.619722222222222
PKG_001158,HUB_SBY,2026-10-12 19:23:00,2026-10-13 00:54:49.200703,5.530277777777778
PKG_001159,HUB_JKT,2026-10-07 05:51:00,2026-10-07 14:28:43.397869,8.62861111111111
PKG_001161,HUB_BDG,2026-10-11 02:22:00,2026-10-11 07:14:54.143000,4.881666666666667
PKG_001162,HUB_YGY,2026-10-07 06:58:00,2026-10-07 16:35:28.905065,9.624444444444444
PKG_001163,HUB_JKT,2026-10-12 06:17:00,2026-10-12 15:44:31.978258,9.45861111111111
PKG_001164,HUB_DPS,2026-10-14 04:41:00,2026-10-14 13:42:42.718506,9.028333333333334
PKG_001165,HUB_JKT,2026-10-09 00:58:00,2026-10-09 07:14:04.593464,6.267777777777778
PKG_001166,HUB_MKS,2026-10-10 11:10:00,2026-10-10 21:28:35.546972,10.309722222222222
PKG_001168,HUB_JKT,2026-10-05 19:29:00,2026-10-06 06:42:55.859883,11.231944444444444
PKG_001169,HUB_JKT,2026-10-14 06:13:00,2026-10-14 17:09:24.501800,10.94
PKG_001170,HUB_MKS,2026-10-14 01:43:00,2026-10-14 13:02:06.721093,11.318333333333333
PKG_001171,HUB_SBY,2026-10-16 00:00:00,2026-10-16 05:50:07.334625,5.835277777777778
PKG_001172,HUB_MKS,2026-10-11 08:56:00,2026-10-11 19:01:14.753130,10.087222222222222
PKG_001173,HUB_JKT,2026-10-13 18:05:00,2026-10-13 19:32:26.237503,1.4572222222222222
PKG_001174,HUB_JKT,2026-10-13 05:36:00,2026-10-13 12:24:12.166899,6.803333333333334
PKG_001175,HUB_JKT,2026-10-03 16:25:00,2026-10-04 01:41:42.021470,9.278333333333334
PKG_001176,HUB_JKT,2026-10-03 17:58:00,2026-10-04 02:14:50.696082,8.280555555555555
PKG_001177,HUB_BDG,2026-10-01 13:04:00,2026-10-01 17:46:39.826010,4.710833333333333
PKG_001178,HUB_MKS,2026-10-07 16:13:00,2026-10-07 19:39:59.722566,3.4497222222222224
PKG_001179,HUB_JKT,2026-10-09 01:51:00,2026-10-09 14:04:30.155929,12.225
PKG_001180,HUB_SBY,2026-10-14 09:58:00,2026-10-14 16:45:57.631514,6.799166666666666
PKG_001181,HUB_SBY,2026-10-09 15:11:00,2026-10-09 23:00:56.282370,7.832222222222223
PKG_001182,HUB_MKS,2026-10-12 22:49:00,2026-10-13 10:43:31.975089,11.908611111111112
PKG_001183,HUB_JKT,2026-10-05 19:03:00,2026-10-06 00:13:13.178353,5.170277777777778
PKG_001184,HUB_JKT,2026-10-04 20:28:00,2026-10-05 04:19:12.387483,7.8533333333333335
PKG_001185,HUB_JKT,2026-10-05 16:57:00,2026-10-05 21:07:41.179178,4.178055555555556
PKG_001186,HUB_MKS,2026-10-01 14:04:00,2026-10-01 23:36:25.841423,9.540277777777778
PKG_001187,HUB_MKS,2026-10-03 11:51:00,2026-10-03 21:10:11.275630,9.319722222222222
PKG_001188,HUB_SBY,2026-10-09 01:10:00,2026-10-09 04:11:04.962855,3.017777777777778
PKG_001189,HUB_MKS,2026-10-12 16:04:00,2026-10-13 02:06:19.389509,10.038611111111111
PKG_001190,HUB_JKT,2026-10-13 16:50:00,2026-10-13 22:58:03.497765,6.134166666666666
PKG_001191,HUB_DPS,2026-10-06 00:15:00,2026-10-06 05:50:26.518226,5.5905555555555555
PKG_001193,HUB_JKT,2026-10-10 12:22:00,2026-10-10 18:03:26.508510,5.690555555555555
PKG_001194,HUB_BDG,2026-10-07 15:32:00,2026-10-07 19:50:42.502195,4.3116666666666665
PKG_001195,HUB_JKT,2026-10-07 12:53:00,2026-10-07 17:30:05.201971,4.618055555555555
PKG_001196,HUB_MKS,2026-10-03 21:56:00,2026-10-04 09:45:02.558370,11.817222222222222
PKG_001197,HUB_JKT,2026-10-12 13:09:00,2026-10-12 21:12:39.476674,8.060833333333333
PKG_001198,HUB_MKS,2026-10-06 22:22:00,2026-10-07 13:37:41.061366,15.261388888888888
PKG_001199,HUB_MKS,2026-10-14 00:39:00,2026-10-14 13:20:57.446736,12.699166666666667
PKG_001200,HUB_YGY,2026-10-01 11:31:00,2026-10-01 18:20:04.195265,6.817777777777778
PKG_001201,HUB_SBY,2026-10-12 19:15:00,2026-10-13 04:30:40.207248,9.261111111111111
PKG_001202,HUB_MKS,2026-10-10 09:46:00,2026-10-10 23:16:02.884479,13.500555555555556
PKG_001204,HUB_BDG,2026-10-09 14:21:00,2026-10-09 21:08:23.153066,6.789722222222222
PKG_001205,HUB_SBY,2026-10-10 10:51:00,2026-10-10 23:26:09.845596,12.585833333333333
PKG_001206,HUB_DPS,2026-10-08 08:47:00,2026-10-08 15:48:12.764720,7.02
PKG_001207,HUB_MKS,2026-10-09 13:39:00,2026-10-09 23:52:00.756957,10.216666666666667
PKG_001208,HUB_JKT,2026-10-12 07:26:00,2026-10-12 15:30:05.200476,8.068055555555556
PKG_001209,HUB_JKT,2026-10-06 06:45:00,2026-10-06 11:03:36.766762,4.31
PKG_001210,HUB_JKT,2026-10-12 03:30:00,2026-10-12 11:25:43.526520,7.9286111111111115
PKG_001211,HUB_BDG,2026-10-02 08:11:00,2026-10-02 15:53:28.718120,7.707777777777777
PKG_001212,HUB_JKT,2026-10-05 18:15:00,2026-10-05 23:21:22.254099,5.106111111111111
PKG_001213,HUB_SBY,2026-10-12 16:56:00,2026-10-12 21:34:21.065740,4.639166666666667
PKG_001214,HUB_MKS,2026-10-03 18:20:00,2026-10-04 03:26:55.082581,9.115277777777777
PKG_001216,HUB_JKT,2026-10-08 08:03:00,2026-10-08 18:58:10.816629,10.919444444444444
PKG_001217,HUB_SBY,2026-10-09 10:45:00,2026-10-09 17:21:44.349673,6.612222222222222
PKG_001219,HUB_BKS,2026-10-08 02:18:00,2026-10-08 07:47:58.463179,5.499444444444444
PKG_001221,HUB_SBY,2026-10-09 08:34:00,2026-10-09 15:15:52.968707,6.697777777777778
PKG_001222,HUB_JKT,2026-10-06 23:35:00,2026-10-07 04:47:33.524585,5.2091666666666665
PKG_001223,HUB_DPS,2026-10-14 18:17:00,2026-10-15 00:00:38.499401,5.727222222222222
PKG_001224,HUB_JKT,2026-10-14 23:49:00,2026-10-15 11:17:13.957163,11.470277777777778
PKG_001225,HUB_MKS,2026-10-11 00:07:00,2026-10-11 08:05:49.421079,7.980277777777777
PKG_001227,HUB_JKT,2026-10-04 06:02:00,2026-10-04 14:44:55.998923,8.715277777777779
PKG_001228,HUB_JKT,2026-10-09 07:42:00,2026-10-09 11:59:31.416902,4.291944444444445
PKG_001232,HUB_JKT,2026-10-15 17:38:00,2026-10-16 01:28:54.188172,7.848333333333334
PKG_001233,HUB_SBY,2026-10-03 23:53:00,2026-10-04 12:29:39.894663,12.610833333333334
PKG_001236,HUB_JKT,2026-10-05 09:22:00,2026-10-05 14:00:55.476678,4.648611111111111
PKG_001237,HUB_JKT,2026-10-12 12:03:00,2026-10-12 16:03:39.255666,4.010833333333333
PKG_001238,HUB_BDG,2026-10-02 23:01:00,2026-10-03 08:26:00.176964,9.416666666666666
PKG_001239,HUB_MKS,2026-10-01 10:58:00,2026-10-01 21:55:44.398372,10.962222222222222
PKG_001240,HUB_SBY,2026-10-05 08:21:00,2026-10-05 12:27:57.634181,4.115833333333334
PKG_001241,HUB_MKS,2026-10-10 10:05:00,2026-10-10 20:49:34.630839,10.742777777777778
PKG_001242,HUB_MKS,2026-10-08 22:31:00,2026-10-09 10:36:46.413295,12.096111111111112
PKG_001243,HUB_MKS,2026-10-04 13:02:00,2026-10-04 21:51:44.587987,8.828888888888889
PKG_001244,HUB_MKS,2026-10-07 02:52:00,2026-10-07 12:57:37.875266,10.09361111111111
PKG_001245,HUB_SBY,2026-10-05 05:48:00,2026-10-05 11:31:42.227704,5.7283333333333335
PKG_001246,HUB_MKS,2026-10-01 04:18:00,2026-10-01 15:14:06.842741,10.935
PKG_001247,HUB_JKT,2026-10-13 10:36:00,2026-10-13 17:48:16.934529,7.204444444444444
PKG_001248,HUB_JKT,2026-10-09 11:49:00,2026-10-09 19:17:57.614826,7.4825
PKG_001249,HUB_YGY,2026-10-12 12:52:00,2026-10-12 23:55:06.467511,11.051666666666666
PKG_001250,HUB_MKS,2026-10-12 22:13:00,2026-10-13 10:22:04.799549,12.151111111111112
PKG_001251,HUB_BKS,2026-10-08 00:54:00,2026-10-08 07:16:02.602674,6.367222222222222
PKG_001252,HUB_JKT,2026-10-05 04:48:00,2026-10-05 10:28:08.396321,5.668888888888889
PKG_001253,HUB_MKS,2026-10-11 20:41:00,2026-10-12 07:48:07.363129,11.118611111111111
PKG_001254,HUB_JKT,2026-10-03 04:19:00,2026-10-03 12:16:57.309749,7.965833333333333
PKG_001255,HUB_SBY,2026-10-10 15:53:00,2026-10-10 21:50:56.593930,5.9655555555555555
PKG_001256,HUB_JKT,2026-10-09 05:51:00,2026-10-09 11:04:55.898497,5.231944444444444
PKG_001257,HUB_JKT,2026-10-05 06:39:00,2026-10-05 15:41:17.872040,9.038055555555555
PKG_001258,HUB_MKS,2026-10-06 22:33:00,2026-10-07 09:37:54.298579,11.081666666666667
PKG_001259,HUB_JKT,2026-10-03 07:22:00,2026-10-03 12:56:50.897799,5.580555555555556
PKG_001261,HUB_DPS,2026-10-12 10:11:00,2026-10-12 14:42:30.213388,4.525
PKG_001262,HUB_MKS,2026-10-02 19:41:00,2026-10-03 08:12:46.786143,12.529444444444444
PKG_001263,HUB_SBY,2026-10-11 08:29:00,2026-10-11 14:25:07.746166,5.935277777777777
PKG_001265,HUB_JKT,2026-10-01 19:27:00,2026-10-02 00:30:44.748067,5.062222222222222
PKG_001266,HUB_SBY,2026-10-10 19:26:00,2026-10-11 02:36:09.553480,7.1691666666666665
PKG_001268,HUB_MKS,2026-10-02 19:00:00,2026-10-03 05:11:49.893527,10.196944444444444
PKG_001269,HUB_SBY,2026-10-02 19:17:00,2026-10-03 05:09:59.510307,9.883055555555556
PKG_001270,HUB_JKT,2026-10-02 02:40:00,2026-10-02 07:23:19.570772,4.7219444444444445
PKG_001271,HUB_JKT,2026-10-02 00:58:00,2026-10-02 03:37:34.418482,2.6594444444444445
PKG_001272,HUB_JKT,2026-10-14 15:10:00,2026-10-14 18:48:58.798966,3.6494444444444443
PKG_001273,HUB_SBY,2026-10-14 20:46:00,2026-10-15 06:48:52.713533,10.047777777777778
PKG_001274,HUB_BDG,2026-10-04 10:53:00,2026-10-04 15:26:10.490626,4.552777777777778
PKG_001275,HUB_JKT,2026-10-14 00:00:00,2026-10-14 10:27:34.612306,10.459444444444445
PKG_001276,HUB_JKT,2026-10-11 15:15:00,2026-10-11 21:32:19.017340,6.288611111111111
PKG_001277,HUB_JKT,2026-10-07 11:02:00,2026-10-07 15:18:34.834613,4.276111111111111
PKG_001278,HUB_JKT,2026-10-03 12:25:00,2026-10-03 18:24:29.414980,5.991388888888889
PKG_001279,HUB_MKS,2026-10-05 22:55:00,2026-10-06 06:28:22.153611,7.556111111111111
PKG_001280,HUB_JKT,2026-10-13 04:31:00,2026-10-13 13:10:45.039172,8.6625
PKG_001281,HUB_JKT,2026-10-05 01:00:00,2026-10-05 07:50:04.490688,6.834444444444444
PKG_001282,HUB_MKS,2026-10-10 12:25:00,2026-10-10 23:02:12.352152,10.62
PKG_001283,HUB_MKS,2026-10-10 07:14:00,2026-10-10 19:49:16.343720,12.587777777777777
PKG_001284,HUB_DPS,2026-10-15 21:14:00,2026-10-16 02:59:20.009159,5.7555555555555555
PKG_001285,HUB_JKT,2026-10-11 17:52:00,2026-10-12 06:04:15.101042,12.204166666666667
PKG_001286,HUB_SBY,2026-10-06 12:06:00,2026-10-06 18:25:50.094333,6.330555555555556
PKG_001287,HUB_DPS,2026-10-04 14:58:00,2026-10-04 21:35:44.717618,6.628888888888889
PKG_001288,HUB_MKS,2026-10-10 11:47:00,2026-10-11 02:16:54.190971,14.498333333333333
PKG_001289,HUB_SBY,2026-10-10 23:29:00,2026-10-11 03:59:22.482819,4.506111111111111
PKG_001290,HUB_MKS,2026-10-15 18:47:00,2026-10-16 05:46:02.232816,10.983888888888888
PKG_001291,HUB_BDG,2026-10-04 20:16:00,2026-10-05 01:19:28.196782,5.057777777777778
PKG_001292,HUB_MKS,2026-10-12 04:27:00,2026-10-12 17:40:09.263990,13.219166666666666
PKG_001293,HUB_JKT,2026-10-07 06:20:00,2026-10-07 09:49:29.203507,3.491388888888889
PKG_001294,HUB_YGY,2026-10-04 14:27:00,2026-10-04 21:05:02.303887,6.6338888888888885
PKG_001296,HUB_SBY,2026-10-12 18:15:00,2026-10-13 05:07:31.171121,10.875277777777777
PKG_001297,HUB_JKT,2026-10-09 12:27:00,2026-10-09 15:20:25.239695,2.890277777777778
PKG_001298,HUB_JKT,2026-10-06 02:47:00,2026-10-06 13:44:31.075469,10.95861111111111
PKG_001301,HUB_YGY,2026-10-13 05:40:00,2026-10-13 19:17:13.567472,13.620277777777778
PKG_001302,HUB_SBY,2026-10-06 13:51:00,2026-10-06 17:35:20.420877,3.738888888888889
PKG_001303,HUB_SBY,2026-10-02 10:46:00,2026-10-02 20:22:28.861094,9.607777777777779
PKG_001304,HUB_DPS,2026-10-02 03:53:00,2026-10-02 09:38:30.773733,5.758333333333334
PKG_001306,HUB_MKS,2026-10-15 14:57:00,2026-10-16 00:13:38.534385,9.277222222222223
PKG_001307,HUB_MKS,2026-10-05 00:24:00,2026-10-05 09:32:15.267365,9.1375
PKG_001308,HUB_MKS,2026-10-15 05:50:00,2026-10-15 18:51:45.199635,13.029166666666667
PKG_001309,HUB_MKS,2026-10-04 17:05:00,2026-10-05 05:24:42.155885,12.328333333333333
PKG_001310,HUB_JKT,2026-10-03 11:22:00,2026-10-03 22:10:37.283499,10.810277777777777
PKG_001311,HUB_JKT,2026-10-14 20:52:00,2026-10-15 04:47:17.579820,7.921388888888889
PKG_001312,HUB_JKT,2026-10-12 18:03:00,2026-10-13 04:40:00.220023,10.616666666666667
PKG_001313,HUB_MKS,2026-10-07 21:48:00,2026-10-08 06:49:43.826005,9.028611111111111
PKG_001314,HUB_JKT,2026-10-10 04:40:00,2026-10-10 13:13:03.967571,8.550833333333333
PKG_001315,HUB_BDG,2026-10-05 14:26:00,2026-10-05 22:57:15.530212,8.520833333333334
PKG_001316,HUB_JKT,2026-10-05 21:24:00,2026-10-06 08:14:12.935372,10.836666666666666
PKG_001317,HUB_YGY,2026-10-14 11:49:00,2026-10-14 14:16:43.545495,2.4619444444444443
PKG_001319,HUB_MKS,2026-10-02 16:24:00,2026-10-03 00:56:59.742504,8.549722222222222
PKG_001320,HUB_JKT,2026-10-14 00:47:00,2026-10-14 11:38:15.844580,10.854166666666666
PKG_001321,HUB_BDG,2026-10-08 03:27:00,2026-10-08 13:13:54.890797,9.781666666666666
PKG_001322,HUB_JKT,2026-10-06 21:27:00,2026-10-07 03:49:16.015700,6.371111111111111
PKG_001323,HUB_MKS,2026-10-02 02:13:00,2026-10-02 13:08:58.178428,10.932777777777778
PKG_001324,HUB_JKT,2026-10-13 06:15:00,2026-10-13 12:28:54.994782,6.2316666666666665
PKG_001325,HUB_BDG,2026-10-13 02:24:00,2026-10-13 11:32:10.449464,9.136111111111111
PKG_001326,HUB_SBY,2026-10-07 07:12:00,2026-10-07 18:12:56.859424,11.015555555555556
PKG_001327,HUB_MKS,2026-10-11 07:58:00,2026-10-11 14:41:05.561530,6.718055555555556
PKG_001328,HUB_JKT,2026-10-10 17:16:00,2026-10-10 23:36:05.034925,6.334722222222222
PKG_001329,HUB_JKT,2026-10-14 01:43:00,2026-10-14 13:26:01.875372,11.716944444444444
PKG_001330,HUB_MKS,2026-10-01 21:32:00,2026-10-02 05:38:35.168198,8.109722222222222
PKG_001331,HUB_JKT,2026-10-07 21:26:00,2026-10-08 08:24:37.378623,10.976944444444445
PKG_001332,HUB_JKT,2026-10-09 12:51:00,2026-10-10 02:24:45.916792,13.5625
PKG_001333,HUB_JKT,2026-10-09 15:48:00,2026-10-09 21:42:42.300972,5.911666666666667
PKG_001334,HUB_YGY,2026-10-14 18:19:00,2026-10-15 02:37:26.246516,8.307222222222222
PKG_001336,HUB_MKS,2026-10-08 01:17:00,2026-10-08 13:34:14.861940,12.287222222222223
PKG_001337,HUB_SBY,2026-10-09 20:49:00,2026-10-10 05:38:04.312791,8.817777777777778
PKG_001338,HUB_JKT,2026-10-12 19:14:00,2026-10-13 01:55:09.150882,6.685833333333333
PKG_001339,HUB_SBY,2026-10-09 10:59:00,2026-10-09 16:02:30.946329,5.058333333333334
PKG_001342,HUB_MKS,2026-10-12 22:49:00,2026-10-13 07:07:17.465407,8.304722222222223
PKG_001343,HUB_YGY,2026-10-11 13:38:00,2026-10-12 03:31:46.321793,13.89611111111111
PKG_001344,HUB_DPS,2026-10-03 22:00:00,2026-10-04 03:59:11.368715,5.9863888888888885
PKG_001345,HUB_BDG,2026-10-13 23:58:00,2026-10-14 08:02:56.992043,8.082222222222223
PKG_001346,HUB_DPS,2026-10-03 09:28:00,2026-10-03 17:37:35.814137,8.159722222222221
PKG_001347,HUB_MKS,2026-10-12 18:17:00,2026-10-13 00:11:46.022405,5.9127777777777775
PKG_001348,HUB_JKT,2026-10-09 18:16:00,2026-10-09 22:51:00.474290,4.583333333333333
PKG_001349,HUB_JKT,2026-10-10 00:41:00,2026-10-10 06:14:58.903060,5.566111111111111
PKG_001350,HUB_JKT,2026-10-15 03:19:00,2026-10-15 13:14:29.686982,9.924722222222222
PKG_001351,HUB_BKS,2026-10-05 05:45:00,2026-10-05 11:35:58.075378,5.849444444444444
PKG_001353,HUB_JKT,2026-10-07 17:29:00,2026-10-08 02:06:13.785117,8.620277777777778
PKG_001354,HUB_BDG,2026-10-12 15:01:00,2026-10-13 00:09:49.818861,9.146944444444445
PKG_001355,HUB_SBY,2026-10-04 10:53:00,2026-10-04 16:32:44.444224,5.662222222222222
PKG_001356,HUB_JKT,2026-10-04 18:27:00,2026-10-05 00:15:59.748035,5.816388888888889
PKG_001357,HUB_YGY,2026-10-10 15:34:00,2026-10-11 01:50:14.236144,10.270555555555555
PKG_001358,HUB_MKS,2026-10-04 02:20:00,2026-10-04 11:15:48.520384,8.93
PKG_001359,HUB_SBY,2026-10-14 12:23:00,2026-10-14 21:43:42.419428,9.345
PKG_001360,HUB_JKT,2026-10-04 15:04:00,2026-10-04 21:50:44.064625,6.778888888888889
PKG_001361,HUB_JKT,2026-10-10 03:14:00,2026-10-10 13:09:40.364088,9.927777777777777
PKG_001362,HUB_JKT,2026-10-08 01:56:00,2026-10-08 11:48:19.817574,9.871944444444445
PKG_001363,HUB_MKS,2026-10-14 21:09:00,2026-10-15 06:44:01.403430,9.58361111111111
PKG_001364,HUB_DPS,2026-10-03 13:37:00,2026-10-03 20:23:12.564451,6.77
PKG_001365,HUB_JKT,2026-10-12 21:32:00,2026-10-13 11:27:38.232969,13.927222222222222
PKG_001366,HUB_YGY,2026-10-10 14:17:00,2026-10-11 04:31:19.309848,14.238611111111112
PKG_001367,HUB_SBY,2026-10-08 11:35:00,2026-10-08 15:55:14.089672,4.3372222222222225
PKG_001368,HUB_MKS,2026-10-07 01:08:00,2026-10-07 13:56:02.112334,12.800555555555556
PKG_001369,HUB_MKS,2026-10-09 16:56:00,2026-10-10 04:35:09.091165,11.6525
PKG_001370,HUB_MKS,2026-10-14 17:45:00,2026-10-15 04:33:43.896809,10.811944444444444
PKG_001371,HUB_MKS,2026-10-12 21:29:00,2026-10-13 10:26:09.667594,12.9525
PKG_001372,HUB_SBY,2026-10-08 11:39:00,2026-10-08 20:44:06.690566,9.085
PKG_001373,HUB_BDG,2026-10-08 19:53:00,2026-10-08 23:29:26.555921,3.607222222222222
PKG_001374,HUB_JKT,2026-10-13 17:00:00,2026-10-14 05:11:33.872544,12.1925
PKG_001375,HUB_BDG,2026-10-03 00:32:00,2026-10-03 06:17:41.464999,5.761388888888889
PKG_001376,HUB_SBY,2026-10-08 02:53:00,2026-10-08 14:22:32.789374,11.492222222222223
PKG_001377,HUB_JKT,2026-10-10 23:04:00,2026-10-11 09:23:28.451578,10.324444444444444
PKG_001378,HUB_MKS,2026-10-13 17:47:00,2026-10-14 01:43:49.937937,7.946944444444444
PKG_001379,HUB_DPS,2026-10-10 04:59:00,2026-10-10 12:19:25.944664,7.340277777777778
PKG_001380,HUB_DPS,2026-10-07 16:30:00,2026-10-07 21:52:34.425557,5.376111111111111
PKG_001381,HUB_JKT,2026-10-07 05:31:00,2026-10-07 14:16:29.469992,8.758055555555556
PKG_001382,HUB_JKT,2026-10-01 11:20:00,2026-10-01 18:37:37.975853,7.293611111111111
PKG_001383,HUB_JKT,2026-10-12 19:12:00,2026-10-12 23:07:54.405200,3.9316666666666666
PKG_001384,HUB_JKT,2026-10-09 10:11:00,2026-10-09 15:28:26.438223,5.290555555555556
PKG_001385,HUB_JKT,2026-10-06 14:50:00,2026-10-06 22:45:42.414479,7.928333333333334
PKG_001386,HUB_BDG,2026-10-06 04:25:00,2026-10-06 08:45:43.850970,4.345277777777778
PKG_001388,HUB_DPS,2026-10-11 20:18:00,2026-10-12 03:27:48.302028,7.163333333333333
PKG_001389,HUB_YGY,2026-10-01 15:03:00,2026-10-01 23:23:30.080158,8.341666666666667
PKG_001390,HUB_SBY,2026-10-08 12:30:00,2026-10-08 18:10:15.563943,5.670833333333333
PKG_001391,HUB_MKS,2026-10-01 03:42:00,2026-10-01 15:00:39.796941,11.310833333333333
PKG_001392,HUB_JKT,2026-10-05 10:17:00,2026-10-05 17:07:59.894812,6.849722222222222
PKG_001393,HUB_MKS,2026-10-03 17:15:00,2026-10-04 03:12:12.401548,9.953333333333333
PKG_001394,HUB_BDG,2026-10-05 03:56:00,2026-10-05 12:24:05.600543,8.468055555555555
PKG_001395,HUB_MKS,2026-10-06 03:46:00,2026-10-06 12:07:24.420358,8.356666666666667
PKG_001397,HUB_BDG,2026-10-13 22:14:00,2026-10-14 01:10:08.137818,2.9355555555555557
PKG_001398,HUB_DPS,2026-10-04 12:28:00,2026-10-04 17:02:48.869896,4.58
PKG_001399,HUB_JKT,2026-10-11 03:05:00,2026-10-11 10:46:25.240999,7.690277777777778
PKG_001400,HUB_JKT,2026-10-05 02:31:00,2026-10-05 09:38:59.616705,7.133055555555556
PKG_001401,HUB_JKT,2026-10-11 08:18:00,2026-10-11 18:08:19.549029,9.838611111111112
PKG_001402,HUB_JKT,2026-10-12 04:01:00,2026-10-12 09:39:01.296183,5.633611111111111
PKG_001403,HUB_DPS,2026-10-14 10:50:00,2026-10-14 19:47:48.626288,8.963333333333333
PKG_001404,HUB_MKS,2026-10-05 13:44:00,2026-10-06 01:59:40.170823,12.261111111111111
PKG_001405,HUB_MKS,2026-10-12 03:51:00,2026-10-12 15:30:37.359323,11.660277777777777
PKG_001406,HUB_SBY,2026-10-13 00:06:00,2026-10-13 08:46:30.296682,8.675
PKG_001407,HUB_JKT,2026-10-08 03:17:00,2026-10-08 10:04:29.529613,6.791388888888889
PKG_001408,HUB_DPS,2026-10-12 13:38:00,2026-10-12 17:02:58.798935,3.4161111111111113
PKG_001409,HUB_YGY,2026-10-06 01:00:00,2026-10-06 09:46:20.244192,8.772222222222222
PKG_001412,HUB_MKS,2026-10-13 23:35:00,2026-10-14 07:56:47.069279,8.363055555555556
PKG_001413,HUB_MKS,2026-10-01 05:35:00,2026-10-01 13:51:09.338712,8.269166666666667
PKG_001414,HUB_MKS,2026-10-11 05:17:00,2026-10-11 17:05:09.082695,11.8025
PKG_001415,HUB_JKT,2026-10-13 05:14:00,2026-10-13 09:25:58.557199,4.1994444444444445
PKG_001416,HUB_MKS,2026-10-03 11:15:00,2026-10-04 03:02:55.713409,15.79861111111111
PKG_001417,HUB_JKT,2026-10-12 19:01:00,2026-10-13 04:49:41.855311,9.811388888888889
PKG_001418,HUB_JKT,2026-10-15 00:02:00,2026-10-15 06:57:17.456051,6.921388888888889
PKG_001420,HUB_JKT,2026-10-11 12:19:00,2026-10-11 18:34:41.071386,6.261388888888889
PKG_001421,HUB_JKT,2026-10-05 10:08:00,2026-10-05 15:04:48.831857,4.946666666666666
PKG_001422,HUB_MKS,2026-10-08 05:25:00,2026-10-08 19:20:40.010500,13.927777777777777
PKG_001424,HUB_DPS,2026-10-15 07:07:00,2026-10-15 14:54:13.687120,7.786944444444444
PKG_001425,HUB_MKS,2026-10-15 00:26:00,2026-10-15 06:46:32.401163,6.342222222222222
PKG_001426,HUB_DPS,2026-10-11 08:03:00,2026-10-11 18:08:03.205054,10.084166666666667
PKG_001427,HUB_BKS,2026-10-04 15:33:00,2026-10-04 21:12:08.992828,5.652222222222222
PKG_001428,HUB_MKS,2026-10-15 06:09:00,2026-10-15 17:01:44.846643,10.87888888888889
PKG_001429,HUB_MKS,2026-10-09 06:33:00,2026-10-09 15:06:40.294808,8.561111111111112
PKG_001430,HUB_SBY,2026-10-15 01:59:00,2026-10-15 13:38:01.587496,11.650277777777777
PKG_001431,HUB_MKS,2026-10-11 16:48:00,2026-10-12 06:07:09.365228,13.319166666666666
PKG_001432,HUB_MKS,2026-10-04 13:35:00,2026-10-05 02:22:32.303289,12.792222222222222
PKG_001433,HUB_MKS,2026-10-04 22:07:00,2026-10-05 08:00:44.696659,9.895555555555555
PKG_001434,HUB_MKS,2026-10-03 23:18:00,2026-10-04 13:53:39.681492,14.594166666666666
PKG_001436,HUB_JKT,2026-10-09 02:48:00,2026-10-09 08:46:11.340613,5.969722222222222
PKG_001437,HUB_MKS,2026-10-11 03:54:00,2026-10-11 10:32:55.891718,6.648611111111111
PKG_001438,HUB_MKS,2026-10-15 01:40:00,2026-10-15 12:46:28.061286,11.107777777777779
PKG_001439,HUB_JKT,2026-10-03 13:54:00,2026-10-03 20:10:28.965984,6.274444444444445
PKG_001440,HUB_JKT,2026-10-09 05:54:00,2026-10-09 11:41:35.733896,5.793055555555555
PKG_001441,HUB_MKS,2026-10-08 17:33:00,2026-10-09 09:14:59.749695,15.699722222222222
PKG_001442,HUB_BDG,2026-10-05 11:39:00,2026-10-05 18:45:04.033018,7.101111111111111
PKG_001443,HUB_BDG,2026-10-01 08:42:00,2026-10-01 13:47:32.088958,5.092222222222222
PKG_001445,HUB_JKT,2026-10-15 22:38:00,2026-10-16 04:38:45.763255,6.0125
PKG_001447,HUB_DPS,2026-10-10 15:50:00,2026-10-10 20:25:24.706712,4.59
PKG_001448,HUB_DPS,2026-10-02 22:18:00,2026-10-03 06:03:35.105797,7.759722222222222
PKG_001449,HUB_BDG,2026-10-06 12:41:00,2026-10-06 22:20:27.943204,9.6575
PKG_001450,HUB_JKT,2026-10-15 01:12:00,2026-10-15 09:17:22.043986,8.089444444444444
PKG_001451,HUB_SBY,2026-10-14 22:32:00,2026-10-15 09:50:39.009389,11.310833333333333
PKG_001452,HUB_JKT,2026-10-02 19:22:00,2026-10-03 05:04:21.898711,9.705833333333333
PKG_001454,HUB_JKT,2026-10-13 08:00:00,2026-10-13 18:38:50.339880,10.647222222222222
PKG_001455,HUB_BDG,2026-10-06 04:21:00,2026-10-06 13:42:24.326615,9.356666666666667
PKG_001457,HUB_JKT,2026-10-02 09:39:00,2026-10-02 18:46:12.642374,9.12
PKG_001458,HUB_JKT,2026-10-03 00:11:00,2026-10-03 08:03:57.454906,7.8825
PKG_001459,HUB_MKS,2026-10-08 06:15:00,2026-10-08 12:49:43.978984,6.578611111111111
PKG_001460,HUB_MKS,2026-10-01 23:19:00,2026-10-02 11:04:09.530205,11.7525
PKG_001461,HUB_MKS,2026-10-11 13:37:00,2026-10-11 22:47:40.669724,9.177777777777777
PKG_001462,HUB_SBY,2026-10-10 02:08:00,2026-10-10 11:02:34.760248,8.909444444444444
PKG_001464,HUB_JKT,2026-10-12 01:42:00,2026-10-12 09:35:57.311290,7.899166666666667
PKG_001465,HUB_MKS,2026-10-03 09:53:00,2026-10-03 22:24:01.184936,12.516944444444444
PKG_001466,HUB_JKT,2026-10-08 00:12:00,2026-10-08 08:06:05.984629,7.901388888888889
PKG_001467,HUB_MKS,2026-10-08 18:17:00,2026-10-09 04:04:01.086486,9.783611111111112
PKG_001468,HUB_JKT,2026-10-08 10:08:00,2026-10-08 12:39:16.907708,2.5211111111111113
PKG_001469,HUB_JKT,2026-10-08 18:05:00,2026-10-08 23:06:00.873181,5.016666666666667
PKG_001470,HUB_MKS,2026-10-06 09:26:00,2026-10-06 18:53:16.104419,9.454444444444444
PKG_001471,HUB_MKS,2026-10-04 09:01:00,2026-10-04 18:46:56.259901,9.765555555555556
PKG_001472,HUB_BDG,2026-10-07 06:50:00,2026-10-07 13:36:42.138168,6.778333333333333
PKG_001473,HUB_BDG,2026-10-11 23:32:00,2026-10-12 02:59:06.561964,3.4516666666666667
PKG_001474,HUB_JKT,2026-10-14 14:21:00,2026-10-14 19:41:30.114505,5.341666666666667
PKG_001476,HUB_SBY,2026-10-10 14:09:00,2026-10-11 00:47:55.891243,10.64861111111111
PKG_001477,HUB_MKS,2026-10-08 03:32:00,2026-10-08 15:35:28.555970,12.057777777777778
PKG_001478,HUB_JKT,2026-10-08 10:19:00,2026-10-08 18:34:07.485898,8.251944444444444
PKG_001479,HUB_SBY,2026-10-10 00:00:00,2026-10-10 10:00:21.506853,10.005833333333333
PKG_001480,HUB_SBY,2026-10-04 00:01:00,2026-10-04 11:36:54.961751,11.598333333333333
PKG_001481,HUB_JKT,2026-10-09 04:46:00,2026-10-09 14:00:13.559737,9.236944444444445
PKG_001482,HUB_MKS,2026-10-04 12:38:00,2026-10-04 22:44:25.011648,10.106944444444444
PKG_001483,HUB_JKT,2026-10-02 06:51:00,2026-10-02 11:53:20.501594,5.038888888888889
PKG_001484,HUB_JKT,2026-10-04 03:11:00,2026-10-04 07:39:47.400003,4.479722222222223
PKG_001485,HUB_SBY,2026-10-10 10:36:00,2026-10-10 18:25:10.357670,7.819444444444445
PKG_001487,HUB_MKS,2026-10-05 14:05:00,2026-10-06 00:38:01.504616,10.550277777777778
PKG_001488,HUB_YGY,2026-10-12 15:30:00,2026-10-12 22:34:36.608014,7.076666666666667
PKG_001489,HUB_JKT,2026-10-13 23:24:00,2026-10-14 06:12:39.955443,6.810833333333333
PKG_001491,HUB_YGY,2026-10-09 20:12:00,2026-10-10 04:40:51.914937,8.480833333333333
PKG_001493,HUB_JKT,2026-10-09 16:18:00,2026-10-09 22:27:05.410372,6.151388888888889
PKG_001494,HUB_JKT,2026-10-15 20:58:00,2026-10-15 21:39:00.237023,0.6833333333333333
PKG_001495,HUB_DPS,2026-10-05 15:46:00,2026-10-06 00:51:18.386592,9.088333333333333
PKG_001496,HUB_SBY,2026-10-11 08:37:00,2026-10-11 19:33:26.427129,10.940555555555555
PKG_001498,HUB_DPS,2026-10-15 22:35:00,2026-10-16 07:32:28.050513,8.957777777777778
PKG_001499,HUB_JKT,2026-10-07 04:31:00,2026-10-07 13:05:14.885002,8.570555555555556
PKG_001500,HUB_MKS,2026-10-12 02:48:00,2026-10-12 12:55:48.269977,10.13
PKG_001501,HUB_BDG,2026-10-13 09:25:00,2026-10-13 18:48:15.397940,9.3875
PKG_001502,HUB_MKS,2026-10-11 15:18:00,2026-10-12 04:56:30.379303,13.641666666666667
PKG_001503,HUB_MKS,2026-10-10 19:46:00,2026-10-11 07:54:07.539464,12.135277777777778
PKG_001504,HUB_DPS,2026-10-08 19:34:00,2026-10-09 03:03:14.450743,7.487222222222222
PKG_001505,HUB_JKT,2026-10-14 01:18:00,2026-10-14 11:14:38.526140,9.943888888888889
PKG_001506,HUB_JKT,2026-10-03 08:41:00,2026-10-03 19:13:13.244360,10.536944444444444
PKG_001507,HUB_BDG,2026-10-12 03:09:00,2026-10-12 13:39:36.012449,10.51
PKG_001508,HUB_SBY,2026-10-03 10:07:00,2026-10-03 21:20:08.232259,11.21888888888889
PKG_001509,HUB_DPS,2026-10-12 11:31:00,2026-10-12 18:55:07.850120,7.401944444444444
PKG_001511,HUB_JKT,2026-10-03 16:57:00,2026-10-03 21:52:32.725053,4.9255555555555555
PKG_001512,HUB_MKS,2026-10-11 21:17:00,2026-10-12 08:53:28.776597,11.607777777777779
PKG_001513,HUB_JKT,2026-10-11 18:38:00,2026-10-12 03:12:55.145135,8.581944444444444
PKG_001514,HUB_MKS,2026-10-01 14:55:00,2026-10-01 23:31:58.309830,8.616111111111111
PKG_001515,HUB_JKT,2026-10-15 08:46:00,2026-10-15 18:11:53.835778,9.43138888888889
PKG_001516,HUB_DPS,2026-10-05 22:16:00,2026-10-06 03:28:31.756740,5.208611111111111
PKG_001517,HUB_MKS,2026-10-02 13:44:00,2026-10-02 21:26:41.978382,7.711388888888889
PKG_001518,HUB_SBY,2026-10-12 04:12:00,2026-10-12 12:39:49.271460,8.463611111111112
PKG_001520,HUB_BDG,2026-10-01 23:57:00,2026-10-02 10:11:20.991182,10.238888888888889
PKG_001521,HUB_BDG,2026-10-03 15:24:00,2026-10-03 23:59:58.541091,8.599444444444444
PKG_001522,HUB_JKT,2026-10-12 22:48:00,2026-10-13 06:36:54.898950,7.815
PKG_001523,HUB_SBY,2026-10-02 12:33:00,2026-10-02 22:50:26.574909,10.290555555555555
PKG_001524,HUB_JKT,2026-10-04 16:28:00,2026-10-05 00:14:38.118229,7.777222222222222
PKG_001525,HUB_MKS,2026-10-15 22:24:00,2026-10-16 09:55:03.614516,11.5175
PKG_001526,HUB_JKT,2026-10-01 06:38:00,2026-10-01 16:00:21.127846,9.3725
PKG_001527,HUB_DPS,2026-10-11 22:21:00,2026-10-12 05:21:40.985241,7.011111111111111
PKG_001528,HUB_BDG,2026-10-04 07:47:00,2026-10-04 13:44:59.021655,5.966388888888889
PKG_001529,HUB_JKT,2026-10-04 17:57:00,2026-10-05 01:01:37.443151,7.076944444444444
PKG_001530,HUB_DPS,2026-10-09 23:31:00,2026-10-10 10:11:57.558306,10.6825
PKG_001531,HUB_SBY,2026-10-03 21:32:00,2026-10-03 23:58:39.573107,2.444166666666667
PKG_001533,HUB_SBY,2026-10-09 09:48:00,2026-10-09 17:57:08.562148,8.152222222222223
PKG_001534,HUB_DPS,2026-10-11 16:38:00,2026-10-12 01:07:59.944687,8.499722222222223
PKG_001535,HUB_SBY,2026-10-14 01:28:00,2026-10-14 11:26:29.023284,9.974722222222223
PKG_001536,HUB_YGY,2026-10-07 13:48:00,2026-10-08 00:31:17.698610,10.721388888888889
PKG_001537,HUB_BKS,2026-10-05 08:46:00,2026-10-05 16:08:58.768701,7.382777777777778
PKG_001538,HUB_JKT,2026-10-07 17:07:00,2026-10-07 21:25:59.203570,4.316388888888889
PKG_001539,HUB_MKS,2026-10-03 16:00:00,2026-10-04 01:41:15.965701,9.6875
PKG_001540,HUB_MKS,2026-10-06 14:08:00,2026-10-06 19:35:19.295490,5.455277777777778
PKG_001542,HUB_BKS,2026-10-14 06:42:00,2026-10-14 11:44:37.328370,5.043611111111111
PKG_001543,HUB_MKS,2026-10-03 11:01:00,2026-10-03 19:04:15.665567,8.054166666666667
PKG_001544,HUB_JKT,2026-10-13 11:32:00,2026-10-13 18:53:56.989230,7.365555555555556
PKG_001545,HUB_SBY,2026-10-02 08:42:00,2026-10-02 19:27:52.996226,10.764444444444445
PKG_001546,HUB_JKT,2026-10-13 13:48:00,2026-10-13 20:56:25.542660,7.1402777777777775
PKG_001547,HUB_YGY,2026-10-09 17:19:00,2026-10-10 03:19:14.869189,10.00388888888889
PKG_001548,HUB_JKT,2026-10-10 05:56:00,2026-10-10 16:14:40.997162,10.311111111111112
PKG_001549,HUB_JKT,2026-10-08 00:28:00,2026-10-08 02:54:25.655783,2.4402777777777778
PKG_001550,HUB_JKT,2026-10-09 17:58:00,2026-10-10 02:55:59.466508,8.966388888888888
PKG_001551,HUB_MKS,2026-10-12 22:08:00,2026-10-13 08:21:11.005540,10.219722222222222
PKG_001552,HUB_BDG,2026-10-09 14:15:00,2026-10-09 22:10:40.499665,7.927777777777778
PKG_001553,HUB_DPS,2026-10-09 15:13:00,2026-10-09 19:26:35.182554,4.226388888888889
PKG_001555,HUB_JKT,2026-10-07 02:58:00,2026-10-07 04:15:04.130868,1.2844444444444445
PKG_001556,HUB_BDG,2026-10-09 16:19:00,2026-10-10 06:10:12.592841,13.853333333333333
PKG_001557,HUB_JKT,2026-10-02 19:17:00,2026-10-03 00:23:18.834778,5.105
PKG_001558,HUB_JKT,2026-10-02 12:28:00,2026-10-02 19:09:48.477307,6.696666666666666
PKG_001559,HUB_YGY,2026-10-05 00:05:00,2026-10-05 08:24:45.609986,8.329166666666667
PKG_001560,HUB_BDG,2026-10-07 02:56:00,2026-10-07 13:10:13.777634,10.236944444444445
PKG_001561,HUB_JKT,2026-10-05 06:01:00,2026-10-05 13:01:32.627788,7.0088888888888885
PKG_001562,HUB_JKT,2026-10-02 02:24:00,2026-10-02 09:43:52.518404,7.331111111111111
PKG_001563,HUB_MKS,2026-10-11 08:27:00,2026-10-11 19:29:47.856551,11.046388888888888
PKG_001564,HUB_MKS,2026-10-12 03:34:00,2026-10-12 15:08:30.850425,11.575
PKG_001565,HUB_YGY,2026-10-09 01:17:00,2026-10-09 11:01:37.283247,9.743611111111111
PKG_001566,HUB_JKT,2026-10-01 19:53:00,2026-10-01 23:41:13.695750,3.803611111111111
PKG_001567,HUB_MKS,2026-10-09 12:02:00,2026-10-10 01:23:25.173938,13.356944444444444
PKG_001568,HUB_BDG,2026-10-04 04:22:00,2026-10-04 12:17:54.624417,7.931666666666667
PKG_001569,HUB_MKS,2026-10-11 14:41:00,2026-10-12 00:37:35.584544,9.943055555555556
PKG_001570,HUB_JKT,2026-10-09 12:16:00,2026-10-09 16:55:19.885111,4.655277777777778
PKG_001571,HUB_MKS,2026-10-12 15:55:00,2026-10-13 01:44:06.143511,9.818333333333333
PKG_001572,HUB_JKT,2026-10-03 07:19:00,2026-10-03 14:05:15.214764,6.770833333333333
PKG_001573,HUB_JKT,2026-10-10 04:19:00,2026-10-10 09:34:52.305325,5.264444444444444
PKG_001575,HUB_YGY,2026-10-09 14:23:00,2026-10-09 21:28:25.167974,7.090277777777778
PKG_001576,HUB_JKT,2026-10-06 00:16:00,2026-10-06 10:43:57.020413,10.465833333333334
PKG_001577,HUB_BDG,2026-10-04 10:49:00,2026-10-04 15:24:44.737246,4.595555555555555
PKG_001578,HUB_BDG,2026-10-05 23:39:00,2026-10-06 08:35:10.006445,8.936111111111112
PKG_001579,HUB_DPS,2026-10-15 00:51:00,2026-10-15 07:00:59.343491,6.166388888888889
PKG_001580,HUB_SBY,2026-10-08 10:19:00,2026-10-08 16:25:40.389658,6.111111111111111
PKG_001581,HUB_BDG,2026-10-06 13:57:00,2026-10-06 21:31:44.297494,7.578888888888889
PKG_001582,HUB_YGY,2026-10-07 20:01:00,2026-10-08 05:32:26.867890,9.523888888888889
PKG_001583,HUB_YGY,2026-10-11 13:35:00,2026-10-12 03:18:21.283124,13.7225
PKG_001584,HUB_JKT,2026-10-15 04:16:00,2026-10-15 08:03:53.194087,3.7980555555555555
PKG_001585,HUB_BDG,2026-10-04 12:07:00,2026-10-04 13:40:33.129448,1.5591666666666666
PKG_001586,HUB_MKS,2026-10-05 20:53:00,2026-10-06 10:56:09.517063,14.0525
PKG_001587,HUB_JKT,2026-10-09 13:48:00,2026-10-09 21:29:43.718244,7.695277777777778
PKG_001589,HUB_SBY,2026-10-09 03:06:00,2026-10-09 11:03:41.289514,7.961388888888889
PKG_001590,HUB_JKT,2026-10-05 08:59:00,2026-10-05 15:03:31.506131,6.075277777777778
PKG_001591,HUB_BDG,2026-10-02 15:08:00,2026-10-02 23:38:20.222790,8.505555555555556
PKG_001592,HUB_SBY,2026-10-07 10:56:00,2026-10-07 17:39:07.914702,6.7186111111111115
PKG_001593,HUB_MKS,2026-10-07 16:22:00,2026-10-08 00:15:02.849444,7.8838888888888885
PKG_001595,HUB_SBY,2026-10-07 10:16:00,2026-10-07 19:15:12.367443,8.986666666666666
PKG_001596,HUB_MKS,2026-10-14 08:56:00,2026-10-14 15:39:01.015447,6.716944444444445
PKG_001597,HUB_JKT,2026-10-02 02:42:00,2026-10-02 14:30:04.653624,11.801111111111112
PKG_001598,HUB_JKT,2026-10-04 00:34:00,2026-10-04 08:31:32.755633,7.958888888888889
PKG_001599,HUB_DPS,2026-10-05 04:28:00,2026-10-05 15:20:00.264471,10.866666666666667
PKG_001600,HUB_JKT,2026-10-14 17:49:00,2026-10-15 01:01:15.281029,7.204166666666667
PKG_001601,HUB_SBY,2026-10-14 23:48:00,2026-10-15 08:10:14.690449,8.370555555555555
PKG_001602,HUB_SBY,2026-10-12 11:47:00,2026-10-12 20:24:57.010230,8.6325
PKG_001603,HUB_BDG,2026-10-01 21:31:00,2026-10-02 01:11:28.269318,3.6744444444444446
PKG_001604,HUB_SBY,2026-10-02 10:17:00,2026-10-02 19:53:45.515082,9.6125
PKG_001605,HUB_JKT,2026-10-14 10:42:00,2026-10-14 18:01:55.968782,7.331944444444445
PKG_001606,HUB_JKT,2026-10-06 05:11:00,2026-10-06 14:06:55.644842,8.931944444444444
PKG_001608,HUB_BDG,2026-10-02 03:57:00,2026-10-02 10:16:20.996654,6.322222222222222
PKG_001609,HUB_DPS,2026-10-09 20:27:00,2026-10-10 00:52:44.803354,4.428888888888889
PKG_001610,HUB_JKT,2026-10-03 22:55:00,2026-10-04 05:05:07.307147,6.168611111111111
PKG_001611,HUB_MKS,2026-10-04 17:30:00,2026-10-05 01:15:29.762555,7.758055555555556
PKG_001613,HUB_BDG,2026-10-08 16:20:00,2026-10-09 02:54:46.471317,10.579444444444444
PKG_001614,HUB_BDG,2026-10-09 00:54:00,2026-10-09 11:20:41.148277,10.444722222222222
PKG_001615,HUB_BDG,2026-10-02 23:11:00,2026-10-03 08:10:09.550649,8.985833333333334
PKG_001616,HUB_MKS,2026-10-08 17:47:00,2026-10-09 04:12:35.019439,10.426388888888889
PKG_001618,HUB_MKS,2026-10-11 10:02:00,2026-10-11 17:15:27.143200,7.224166666666667
PKG_001619,HUB_JKT,2026-10-09 11:27:00,2026-10-09 16:54:36.745339,5.46
PKG_001620,HUB_MKS,2026-10-03 15:37:00,2026-10-04 00:01:58.305517,8.41611111111111
PKG_001621,HUB_BDG,2026-10-15 12:28:00,2026-10-15 19:04:55.941847,6.615277777777778
PKG_001622,HUB_JKT,2026-10-06 21:03:00,2026-10-07 06:01:23.382039,8.973055555555556
PKG_001623,HUB_MKS,2026-10-12 08:07:00,2026-10-12 17:51:34.573099,9.742777777777778
PKG_001624,HUB_SBY,2026-10-03 06:40:00,2026-10-03 17:08:13.078930,10.470277777777778
PKG_001625,HUB_JKT,2026-10-02 19:03:00,2026-10-03 02:16:58.942787,7.232777777777778
PKG_001626,HUB_MKS,2026-10-13 10:13:00,2026-10-13 22:42:52.466719,12.497777777777777
PKG_001627,HUB_DPS,2026-10-10 13:28:00,2026-10-10 21:50:39.991848,8.3775
PKG_001628,HUB_BDG,2026-10-10 05:43:00,2026-10-10 14:27:28.963011,8.741111111111111
PKG_001629,HUB_JKT,2026-10-15 18:09:00,2026-10-16 04:31:51.609024,10.380833333333333
PKG_001630,HUB_BDG,2026-10-12 14:21:00,2026-10-12 19:56:24.492887,5.59
PKG_001631,HUB_BDG,2026-10-12 05:03:00,2026-10-12 11:42:50.675805,6.663888888888889
PKG_001632,HUB_MKS,2026-10-14 03:50:00,2026-10-14 14:04:32.890927,10.242222222222223
PKG_001633,HUB_MKS,2026-10-03 14:35:00,2026-10-03 23:43:59.910737,9.149722222222222
PKG_001634,HUB_JKT,2026-10-01 21:57:00,2026-10-02 05:51:38.642230,7.910555555555556
PKG_001635,HUB_JKT,2026-10-03 13:30:00,2026-10-03 17:15:35.105581,3.7597222222222224
PKG_001636,HUB_SBY,2026-10-03 19:18:00,2026-10-04 02:09:35.647914,6.8597222222222225
PKG_001637,HUB_JKT,2026-10-15 10:49:00,2026-10-15 19:19:36.726291,8.51
PKG_001638,HUB_JKT,2026-10-01 01:40:00,2026-10-01 10:38:12.856787,8.97
PKG_001639,HUB_JKT,2026-10-03 12:18:00,2026-10-03 20:18:40.711970,8.011111111111111
PKG_001640,HUB_JKT,2026-10-15 15:50:00,2026-10-15 21:53:56.960385,6.065555555555555
PKG_001641,HUB_MKS,2026-10-10 23:16:00,2026-10-11 10:09:03.246739,10.884166666666667
PKG_001642,HUB_JKT,2026-10-09 10:31:00,2026-10-09 17:15:17.486497,6.7380555555555555
PKG_001643,HUB_JKT,2026-10-13 21:44:00,2026-10-14 05:52:49.955266,8.146944444444445
PKG_001644,HUB_MKS,2026-10-13 01:24:00,2026-10-13 11:35:00.519610,10.183333333333334
PKG_001645,HUB_SBY,2026-10-13 14:29:00,2026-10-13 20:59:00.197933,6.5
PKG_001646,HUB_JKT,2026-10-05 12:56:00,2026-10-05 21:02:14.271858,8.10388888888889
PKG_001647,HUB_SBY,2026-10-06 13:44:00,2026-10-06 19:59:58.309084,6.266111111111111
PKG_001648,HUB_SBY,2026-10-03 08:21:00,2026-10-03 21:15:12.807813,12.903333333333334
PKG_001649,HUB_SBY,2026-10-03 08:02:00,2026-10-03 13:39:52.683022,5.631111111111111
PKG_001650,HUB_DPS,2026-10-10 07:26:00,2026-10-10 07:44:24.979091,0.30666666666666664
PKG_001651,HUB_JKT,2026-10-03 16:52:00,2026-10-04 01:26:46.112203,8.579444444444444
PKG_001652,HUB_JKT,2026-10-01 03:28:00,2026-10-01 11:31:06.956645,8.051666666666666
PKG_001653,HUB_MKS,2026-10-06 05:14:00,2026-10-06 17:31:43.971046,12.295277777777779
PKG_001654,HUB_JKT,2026-10-15 06:32:00,2026-10-15 12:36:56.770616,6.082222222222223
PKG_001655,HUB_JKT,2026-10-05 18:10:00,2026-10-06 01:50:31.063855,7.675277777777778
PKG_001656,HUB_MKS,2026-10-07 19:37:00,2026-10-08 08:05:41.673421,12.478055555555555
PKG_001657,HUB_JKT,2026-10-01 19:11:00,2026-10-01 22:28:03.940801,3.2841666666666667
PKG_001658,HUB_JKT,2026-10-04 18:45:00,2026-10-05 00:58:03.494992,6.2175
PKG_001659,HUB_DPS,2026-10-14 07:49:00,2026-10-14 19:30:20.838616,11.688888888888888
PKG_001660,HUB_SBY,2026-10-11 03:04:00,2026-10-11 11:03:23.952482,7.989722222222222
PKG_001661,HUB_MKS,2026-10-09 13:05:00,2026-10-09 23:58:41.701581,10.894722222222223
PKG_001662,HUB_MKS,2026-10-03 13:48:00,2026-10-03 21:31:56.664250,7.732222222222222
PKG_001663,HUB_JKT,2026-10-06 06:35:00,2026-10-06 14:08:40.616496,7.561111111111111
PKG_001664,HUB_MKS,2026-10-03 03:05:00,2026-10-03 11:48:57.701128,8.7325
PKG_001665,HUB_JKT,2026-10-06 00:25:00,2026-10-06 07:04:28.015417,6.657777777777778
PKG_001666,HUB_MKS,2026-10-07 06:54:00,2026-10-07 16:22:25.306769,9.473611111111111
PKG_001667,HUB_JKT,2026-10-01 16:34:00,2026-10-02 00:51:54.447086,8.298333333333334
PKG_001669,HUB_MKS,2026-10-09 15:00:00,2026-10-09 23:24:37.484378,8.410277777777777
PKG_001670,HUB_SBY,2026-10-13 06:55:00,2026-10-13 11:29:21.564313,4.5725
PKG_001671,HUB_MKS,2026-10-01 23:11:00,2026-10-02 08:34:50.865082,9.397222222222222
PKG_001672,HUB_MKS,2026-10-15 11:42:00,2026-10-16 00:47:14.105319,13.087222222222222
PKG_001673,HUB_JKT,2026-10-04 09:31:00,2026-10-04 17:24:01.496501,7.883611111111111
PKG_001674,HUB_SBY,2026-10-13 13:45:00,2026-10-13 19:23:24.467089,5.64
PKG_001675,HUB_MKS,2026-10-15 01:33:00,2026-10-15 06:26:48.943775,4.8966666666666665
PKG_001676,HUB_JKT,2026-10-02 01:39:00,2026-10-02 15:51:58.382872,14.216111111111111
PKG_001677,HUB_SBY,2026-10-06 22:52:00,2026-10-07 06:00:14.193490,7.137222222222222
PKG_001679,HUB_SBY,2026-10-07 17:11:00,2026-10-08 01:13:37.185783,8.043611111111112
PKG_001680,HUB_BDG,2026-10-03 23:16:00,2026-10-04 03:45:53.201784,4.498055555555555
PKG_001681,HUB_JKT,2026-10-01 22:16:00,2026-10-02 06:10:28.387662,7.907777777777778
PKG_001682,HUB_JKT,2026-10-10 04:14:00,2026-10-10 09:21:58.962503,5.132777777777778
PKG_001683,HUB_DPS,2026-10-01 12:42:00,2026-10-01 17:49:21.119524,5.1225
PKG_001684,HUB_DPS,2026-10-01 12:17:00,2026-10-01 16:19:36.445442,4.043333333333333
PKG_001685,HUB_BKS,2026-10-08 13:04:00,2026-10-08 18:51:38.846188,5.793888888888889
PKG_001686,HUB_BKS,2026-10-07 15:07:00,2026-10-07 19:47:24.522580,4.673333333333333
PKG_001687,HUB_JKT,2026-10-08 04:04:00,2026-10-08 12:00:57.334284,7.949166666666667
PKG_001688,HUB_MKS,2026-10-03 19:35:00,2026-10-04 05:13:48.725639,9.646666666666667
PKG_001689,HUB_JKT,2026-10-10 05:10:00,2026-10-10 06:11:16.862016,1.021111111111111
PKG_001690,HUB_BDG,2026-10-12 07:14:00,2026-10-12 07:29:00.000000,0.25
PKG_001691,HUB_MKS,2026-10-12 22:25:00,2026-10-13 09:12:05.398789,10.784722222222221
PKG_001692,HUB_JKT,2026-10-03 21:51:00,2026-10-04 04:37:11.324349,6.769722222222223
PKG_001693,HUB_MKS,2026-10-07 10:54:00,2026-10-07 22:53:28.323306,11.991111111111111
PKG_001695,HUB_BDG,2026-10-07 12:39:00,2026-10-07 21:45:39.926546,9.110833333333334
PKG_001696,HUB_JKT,2026-10-04 14:06:00,2026-10-04 22:24:48.317611,8.313333333333333
PKG_001697,HUB_MKS,2026-10-03 02:22:00,2026-10-03 12:50:40.656601,10.477777777777778
PKG_001698,HUB_MKS,2026-10-01 11:36:00,2026-10-01 22:46:52.434778,11.181111111111111
PKG_001700,HUB_JKT,2026-10-09 21:18:00,2026-10-10 05:10:38.880190,7.877222222222223
PKG_001701,HUB_JKT,2026-10-05 20:14:00,2026-10-06 04:29:24.679881,8.256666666666666
PKG_001702,HUB_MKS,2026-10-12 01:05:00,2026-10-12 12:29:45.016352,11.4125
PKG_001703,HUB_MKS,2026-10-07 00:03:00,2026-10-07 08:56:13.262930,8.886944444444444
PKG_001704,HUB_JKT,2026-10-06 09:39:00,2026-10-06 22:52:01.588726,13.216944444444444
PKG_001705,HUB_JKT,2026-10-09 12:25:00,2026-10-09 18:26:54.664465,6.031666666666666
PKG_001706,HUB_BKS,2026-10-14 05:13:00,2026-10-14 10:22:06.338979,5.151666666666666
PKG_001707,HUB_MKS,2026-10-04 18:26:00,2026-10-05 02:10:05.662194,7.7347222222222225
PKG_001708,HUB_SBY,2026-10-13 13:50:00,2026-10-14 00:16:02.900712,10.43388888888889
PKG_001709,HUB_JKT,2026-10-12 21:11:00,2026-10-13 03:18:34.763084,6.126111111111111
PKG_001710,HUB_JKT,2026-10-12 09:18:00,2026-10-12 19:16:08.591603,9.96888888888889
PKG_001711,HUB_JKT,2026-10-06 01:48:00,2026-10-06 08:25:11.131494,6.619722222222222
PKG_001712,HUB_BKS,2026-10-11 18:18:00,2026-10-12 01:37:35.260038,7.326388888888889
PKG_001713,HUB_JKT,2026-10-05 21:54:00,2026-10-06 02:42:51.637128,4.814166666666667
PKG_001714,HUB_JKT,2026-10-12 20:06:00,2026-10-13 08:40:16.432912,12.571111111111112
PKG_001715,HUB_DPS,2026-10-10 06:32:00,2026-10-10 13:59:02.512694,7.450555555555556
PKG_001716,HUB_JKT,2026-10-14 10:29:00,2026-10-14 16:40:08.807757,6.185555555555555
PKG_001718,HUB_JKT,2026-10-05 07:55:00,2026-10-05 15:27:11.794455,7.536388888888889
PKG_001719,HUB_BDG,2026-10-10 01:43:00,2026-10-10 07:25:28.032416,5.707777777777777
PKG_001721,HUB_MKS,2026-10-02 06:07:00,2026-10-02 21:47:54.330938,15.681666666666667
PKG_001723,HUB_SBY,2026-10-08 07:31:00,2026-10-08 18:25:41.098313,10.911388888888888
PKG_001724,HUB_JKT,2026-10-09 09:10:00,2026-10-09 17:01:23.770856,7.856388888888889
PKG_001725,HUB_JKT,2026-10-11 05:13:00,2026-10-11 15:14:29.633596,10.024722222222222
PKG_001726,HUB_MKS,2026-10-15 05:32:00,2026-10-15 13:22:52.328906,7.847777777777778
PKG_001727,HUB_JKT,2026-10-06 23:55:00,2026-10-07 12:43:41.831105,12.811388888888889
PKG_001728,HUB_JKT,2026-10-08 03:35:00,2026-10-08 11:25:09.151332,7.835833333333333
PKG_001729,HUB_DPS,2026-10-11 13:32:00,2026-10-12 00:53:17.803225,11.354722222222222
PKG_001730,HUB_MKS,2026-10-12 16:19:00,2026-10-13 03:08:30.341544,10.825
PKG_001731,HUB_JKT,2026-10-11 04:23:00,2026-10-11 14:41:51.534824,10.314166666666667
PKG_001733,HUB_MKS,2026-10-06 16:36:00,2026-10-07 04:20:30.321837,11.741666666666667
PKG_001735,HUB_BDG,2026-10-13 04:51:00,2026-10-13 12:53:32.802763,8.042222222222222
PKG_001736,HUB_MKS,2026-10-14 19:13:00,2026-10-15 04:41:21.845668,9.4725
PKG_001738,HUB_BDG,2026-10-14 09:27:00,2026-10-14 20:20:35.876156,10.893055555555556
PKG_001739,HUB_JKT,2026-10-12 07:08:00,2026-10-12 14:21:28.679258,7.224444444444444
PKG_001740,HUB_SBY,2026-10-04 21:21:00,2026-10-05 08:23:16.657212,11.037777777777778
PKG_001741,HUB_SBY,2026-10-01 08:06:00,2026-10-01 17:07:51.053078,9.030833333333334
PKG_001742,HUB_BDG,2026-10-04 23:08:00,2026-10-05 03:34:02.792955,4.433888888888889
PKG_001743,HUB_JKT,2026-10-14 10:33:00,2026-10-14 13:51:13.281677,3.303611111111111
PKG_001744,HUB_JKT,2026-10-01 20:38:00,2026-10-02 02:49:30.534183,6.191666666666666
PKG_001745,HUB_MKS,2026-10-14 14:42:00,2026-10-15 00:48:21.650494,10.105833333333333
PKG_001746,HUB_MKS,2026-10-02 12:03:00,2026-10-02 20:41:29.748320,8.641388888888889
PKG_001747,HUB_DPS,2026-10-15 21:37:00,2026-10-16 01:55:29.449976,4.308055555555556
PKG_001748,HUB_SBY,2026-10-01 14:19:00,2026-10-01 23:39:43.760441,9.345277777777778
PKG_001749,HUB_SBY,2026-10-11 11:59:00,2026-10-11 17:24:11.880859,5.419722222222222
PKG_001750,HUB_JKT,2026-10-03 22:43:00,2026-10-04 05:48:55.553648,7.098611111111111
PKG_001751,HUB_SBY,2026-10-01 00:21:00,2026-10-01 07:33:35.643206,7.209722222222222
PKG_001752,HUB_MKS,2026-10-09 21:04:00,2026-10-10 08:31:17.431659,11.454722222222221
PKG_001753,HUB_JKT,2026-10-13 07:52:00,2026-10-13 16:43:33.191820,8.859166666666667
PKG_001754,HUB_JKT,2026-10-14 21:53:00,2026-10-15 08:35:03.333426,10.700833333333334
PKG_001755,HUB_JKT,2026-10-09 21:44:00,2026-10-10 05:35:24.540762,7.8566666666666665
PKG_001756,HUB_JKT,2026-10-08 11:03:00,2026-10-08 16:29:54.901620,5.448333333333333
PKG_001757,HUB_MKS,2026-10-14 02:16:00,2026-10-14 15:36:54.730463,13.348333333333333
PKG_001758,HUB_DPS,2026-10-12 11:30:00,2026-10-12 23:19:40.087887,11.827777777777778
PKG_001759,HUB_YGY,2026-10-13 17:06:00,2026-10-14 00:33:16.929106,7.454444444444444
PKG_001761,HUB_JKT,2026-10-08 14:11:00,2026-10-08 19:27:37.881549,5.276944444444444
PKG_001762,HUB_JKT,2026-10-08 11:00:00,2026-10-08 17:01:29.337354,6.0247222222222225
PKG_001763,HUB_SBY,2026-10-12 22:27:00,2026-10-13 10:36:53.356518,12.164722222222222
PKG_001764,HUB_DPS,2026-10-03 11:35:00,2026-10-03 20:39:17.332084,9.071388888888889
PKG_001765,HUB_MKS,2026-10-03 18:38:00,2026-10-04 04:07:16.781144,9.487777777777778
PKG_001766,HUB_BDG,2026-10-12 23:41:00,2026-10-13 04:18:41.204491,4.628055555555555
PKG_001767,HUB_DPS,2026-10-10 17:49:00,2026-10-10 18:55:32.237162,1.1088888888888888
PKG_001768,HUB_DPS,2026-10-04 03:29:00,2026-10-04 13:07:20.160099,9.63888888888889
PKG_001769,HUB_JKT,2026-10-14 09:18:00,2026-10-14 14:12:10.200277,4.902777777777778
PKG_001770,HUB_SBY,2026-10-03 16:48:00,2026-10-04 02:25:09.987615,9.619166666666667
PKG_001771,HUB_DPS,2026-10-01 23:24:00,2026-10-02 07:05:33.206910,7.6925
PKG_001772,HUB_BDG,2026-10-03 15:12:00,2026-10-04 00:28:38.497381,9.277222222222223
PKG_001773,HUB_JKT,2026-10-15 09:42:00,2026-10-15 13:02:43.643439,3.3452777777777776
PKG_001774,HUB_SBY,2026-10-12 03:56:00,2026-10-12 14:16:32.553475,10.342222222222222
PKG_001776,HUB_JKT,2026-10-09 09:25:00,2026-10-09 15:18:06.857830,5.885
PKG_001777,HUB_BDG,2026-10-03 09:48:00,2026-10-03 17:10:04.392989,7.3677777777777775
PKG_001778,HUB_JKT,2026-10-01 04:25:00,2026-10-01 09:47:49.445062,5.380277777777778
PKG_001779,HUB_JKT,2026-10-13 02:49:00,2026-10-13 11:15:11.942007,8.436388888888889
PKG_001780,HUB_JKT,2026-10-09 06:20:00,2026-10-09 15:45:52.697672,9.431111111111111
PKG_001781,HUB_JKT,2026-10-03 01:16:00,2026-10-03 03:57:19.618607,2.6886111111111113
PKG_001782,HUB_MKS,2026-10-05 03:12:00,2026-10-05 13:24:12.635199,10.203333333333333
PKG_001783,HUB_MKS,2026-10-05 22:39:00,2026-10-06 12:24:35.051573,13.759722222222223
PKG_001784,HUB_MKS,2026-10-14 23:46:00,2026-10-15 08:37:34.340071,8.859444444444444
PKG_001785,HUB_DPS,2026-10-02 17:09:00,2026-10-02 22:28:59.330454,5.333055555555555
PKG_001786,HUB_MKS,2026-10-13 07:00:00,2026-10-13 16:04:58.975804,9.082777777777778
PKG_001787,HUB_SBY,2026-10-12 05:17:00,2026-10-12 14:39:59.365935,9.383055555555556
PKG_001788,HUB_BDG,2026-10-14 21:48:00,2026-10-15 09:45:24.871820,11.956666666666667
PKG_001789,HUB_JKT,2026-10-13 23:51:00,2026-10-14 07:17:08.097560,7.435555555555555
PKG_001790,HUB_JKT,2026-10-12 03:47:00,2026-10-12 11:37:45.825284,7.845833333333333
PKG_001791,HUB_JKT,2026-10-01 15:20:00,2026-10-01 23:55:42.054556,8.595
PKG_001792,HUB_JKT,2026-10-02 00:17:00,2026-10-02 03:25:13.177871,3.1369444444444445
PKG_001793,HUB_MKS,2026-10-13 22:42:00,2026-10-14 05:41:17.380589,6.9880555555555555
PKG_001794,HUB_MKS,2026-10-02 09:14:00,2026-10-02 21:09:55.964894,11.931944444444444
PKG_001795,HUB_BKS,2026-10-06 09:02:00,2026-10-06 18:12:55.216481,9.181944444444444
PKG_001796,HUB_JKT,2026-10-05 18:42:00,2026-10-06 00:00:58.890119,5.316111111111111
PKG_001797,HUB_JKT,2026-10-14 08:30:00,2026-10-14 15:28:59.723051,6.983055555555556
PKG_001798,HUB_BDG,2026-10-01 02:40:00,2026-10-01 06:28:27.718526,3.8075
PKG_001799,HUB_JKT,2026-10-10 01:15:00,2026-10-10 09:36:51.979823,8.364166666666666
PKG_001800,HUB_MKS,2026-10-04 04:15:00,2026-10-04 15:10:42.139208,10.928333333333333
PKG_001801,HUB_JKT,2026-10-05 02:41:00,2026-10-05 13:01:48.653662,10.346666666666666
PKG_001802,HUB_JKT,2026-10-15 04:13:00,2026-10-15 12:07:03.398002,7.900833333333333
PKG_001803,HUB_JKT,2026-10-05 01:40:00,2026-10-05 03:44:59.871578,2.0830555555555557
PKG_001804,HUB_JKT,2026-10-13 16:57:00,2026-10-14 01:22:00.992345,8.416666666666666
PKG_001805,HUB_JKT,2026-10-07 12:35:00,2026-10-07 19:15:13.220822,6.670277777777778
PKG_001807,HUB_JKT,2026-10-14 06:38:00,2026-10-14 13:10:09.382181,6.535833333333334
PKG_001808,HUB_JKT,2026-10-09 08:15:00,2026-10-09 15:15:36.134979,7.01
PKG_001809,HUB_SBY,2026-10-04 13:17:00,2026-10-05 05:16:49.261317,15.996944444444445
PKG_001810,HUB_JKT,2026-10-14 15:10:00,2026-10-14 23:23:06.968976,8.218333333333334
PKG_001811,HUB_MKS,2026-10-03 22:59:00,2026-10-04 10:54:25.196014,11.92361111111111
PKG_001813,HUB_JKT,2026-10-01 09:12:00,2026-10-01 12:07:46.532156,2.9294444444444445
PKG_001814,HUB_JKT,2026-10-02 11:26:00,2026-10-02 14:47:33.964469,3.359166666666667
PKG_001815,HUB_YGY,2026-10-06 17:13:00,2026-10-07 01:02:25.572894,7.823611111111111
PKG_001816,HUB_BDG,2026-10-12 16:48:00,2026-10-13 00:27:06.519055,7.651666666666666
PKG_001817,HUB_MKS,2026-10-07 06:49:00,2026-10-07 17:24:29.752979,10.591388888888888
PKG_001818,HUB_MKS,2026-10-04 08:53:00,2026-10-04 18:18:05.625198,9.418055555555556
PKG_001819,HUB_MKS,2026-10-10 07:08:00,2026-10-10 15:50:02.244405,8.700555555555555
PKG_001820,HUB_MKS,2026-10-07 06:29:00,2026-10-07 17:31:52.202432,11.047777777777778
PKG_001821,HUB_MKS,2026-10-08 22:33:00,2026-10-09 06:02:47.647517,7.496388888888889
PKG_001822,HUB_JKT,2026-10-05 12:39:00,2026-10-05 19:02:38.078034,6.393888888888889
PKG_001823,HUB_YGY,2026-10-06 18:50:00,2026-10-07 06:35:56.886829,11.765555555555556
PKG_001824,HUB_DPS,2026-10-01 10:21:00,2026-10-01 12:23:20.594856,2.0388888888888888
PKG_001825,HUB_MKS,2026-10-02 13:02:00,2026-10-02 23:45:30.788316,10.725
PKG_001826,HUB_MKS,2026-10-13 13:29:00,2026-10-13 23:12:36.000327,9.726666666666667
PKG_001827,HUB_JKT,2026-10-06 16:08:00,2026-10-06 21:11:42.083089,5.0616666666666665
PKG_001828,HUB_SBY,2026-10-14 14:33:00,2026-10-14 19:38:28.871926,5.091111111111111
PKG_001829,HUB_SBY,2026-10-05 12:29:00,2026-10-05 18:21:59.753377,5.883055555555556
PKG_001830,HUB_YGY,2026-10-04 09:04:00,2026-10-04 18:40:54.843346,9.615
PKG_001831,HUB_JKT,2026-10-08 08:01:00,2026-10-08 13:25:45.570020,5.4125
PKG_001832,HUB_SBY,2026-10-01 08:00:00,2026-10-01 17:09:52.538787,9.164444444444445
PKG_001833,HUB_JKT,2026-10-05 21:03:00,2026-10-06 01:06:12.518396,4.053333333333334
PKG_001834,HUB_SBY,2026-10-01 14:58:00,2026-10-02 00:04:52.801342,9.114444444444445
PKG_001835,HUB_BKS,2026-10-02 21:42:00,2026-10-03 04:03:08.218246,6.352222222222222
PKG_001836,HUB_JKT,2026-10-03 13:08:00,2026-10-03 23:54:48.647908,10.78
PKG_001837,HUB_JKT,2026-10-12 13:33:00,2026-10-13 01:05:50.668450,11.547222222222222
PKG_001838,HUB_JKT,2026-10-09 02:27:00,2026-10-09 10:20:00.025313,7.883333333333334
PKG_001840,HUB_BDG,2026-10-09 15:40:00,2026-10-10 03:12:22.606956,11.539444444444445
PKG_001841,HUB_MKS,2026-10-12 08:53:00,2026-10-12 17:51:16.254239,8.971111111111112
PKG_001843,HUB_BDG,2026-10-14 05:17:00,2026-10-14 10:42:31.237620,5.425277777777778
PKG_001844,HUB_SBY,2026-10-13 16:50:00,2026-10-14 02:24:53.260784,9.581388888888888
PKG_001845,HUB_BDG,2026-10-15 14:10:00,2026-10-15 19:59:49.947300,5.830277777777778
PKG_001846,HUB_MKS,2026-10-07 00:37:00,2026-10-07 12:21:33.729753,11.7425
PKG_001847,HUB_JKT,2026-10-08 16:36:00,2026-10-09 00:42:33.841912,8.109166666666667
PKG_001848,HUB_JKT,2026-10-12 10:26:00,2026-10-12 18:15:47.284443,7.829722222222222
PKG_001849,HUB_JKT,2026-10-01 22:26:00,2026-10-02 06:25:34.914244,7.9927777777777775
PKG_001850,HUB_MKS,2026-10-15 04:22:00,2026-10-15 13:56:17.033991,9.571388888888889
PKG_001851,HUB_BKS,2026-10-06 15:35:00,2026-10-06 18:57:17.075109,3.3713888888888888
PKG_001852,HUB_JKT,2026-10-10 06:37:00,2026-10-10 16:53:14.149706,10.270555555555555
PKG_001853,HUB_JKT,2026-10-08 13:33:00,2026-10-08 21:16:17.334100,7.721388888888889
PKG_001855,HUB_MKS,2026-10-02 10:30:00,2026-10-02 16:58:01.431256,6.466944444444445
PKG_001856,HUB_MKS,2026-10-13 10:31:00,2026-10-13 21:47:05.196269,11.268055555555556
PKG_001857,HUB_MKS,2026-10-03 04:55:00,2026-10-03 15:03:09.083545,10.135833333333334
PKG_001858,HUB_MKS,2026-10-09 13:38:00,2026-10-10 02:48:45.669705,13.179166666666667
PKG_001859,HUB_BKS,2026-10-10 00:10:00,2026-10-10 05:07:29.305925,4.958055555555555
PKG_001861,HUB_BDG,2026-10-11 20:55:00,2026-10-12 06:17:45.862494,9.379166666666666
PKG_001862,HUB_SBY,2026-10-06 04:00:00,2026-10-06 12:26:13.927441,8.436944444444444
PKG_001863,HUB_MKS,2026-10-15 17:41:00,2026-10-16 06:17:55.456963,12.615277777777777
PKG_001864,HUB_SBY,2026-10-07 20:27:00,2026-10-08 07:05:08.830922,10.635555555555555
PKG_001865,HUB_BKS,2026-10-07 05:37:00,2026-10-07 12:31:31.956996,6.908611111111111
PKG_001866,HUB_JKT,2026-10-08 01:42:00,2026-10-08 04:41:42.317432,2.995
PKG_001867,HUB_MKS,2026-10-08 00:29:00,2026-10-08 11:42:48.115099,11.23
PKG_001868,HUB_JKT,2026-10-10 04:52:00,2026-10-10 05:26:28.506738,0.5744444444444444
PKG_001870,HUB_JKT,2026-10-05 02:52:00,2026-10-05 07:20:57.273300,4.4825
PKG_001871,HUB_MKS,2026-10-08 04:34:00,2026-10-08 13:11:02.190909,8.617222222222223
PKG_001872,HUB_MKS,2026-10-06 17:11:00,2026-10-07 02:03:34.024797,8.876111111111111
PKG_001873,HUB_JKT,2026-10-11 19:11:00,2026-10-11 20:10:21.869195,0.9891666666666666
PKG_001874,HUB_DPS,2026-10-09 03:42:00,2026-10-09 06:26:53.917881,2.7480555555555557
PKG_001875,HUB_MKS,2026-10-06 23:41:00,2026-10-07 12:19:45.231242,12.645833333333334
PKG_001876,HUB_SBY,2026-10-11 21:26:00,2026-10-12 03:05:03.447942,5.650833333333333
PKG_001877,HUB_MKS,2026-10-08 23:20:00,2026-10-09 13:20:13.368727,14.00361111111111
PKG_001878,HUB_BDG,2026-10-12 10:57:00,2026-10-12 17:51:56.724536,6.915555555555556
PKG_001879,HUB_YGY,2026-10-06 18:58:00,2026-10-07 03:08:56.734957,8.182222222222222
PKG_001880,HUB_YGY,2026-10-04 12:11:00,2026-10-04 23:25:54.857232,11.248333333333333
PKG_001881,HUB_MKS,2026-10-15 03:02:00,2026-10-15 12:47:25.943511,9.756944444444445
PKG_001883,HUB_JKT,2026-10-11 19:16:00,2026-10-12 02:01:30.797657,6.758333333333334
PKG_001884,HUB_JKT,2026-10-15 10:58:00,2026-10-15 18:17:00.707464,7.316666666666666
PKG_001886,HUB_MKS,2026-10-10 00:27:00,2026-10-10 09:40:50.504053,9.230555555555556
PKG_001887,HUB_JKT,2026-10-06 18:55:00,2026-10-07 07:19:15.316772,12.404166666666667
PKG_001888,HUB_JKT,2026-10-14 17:11:00,2026-10-14 21:04:07.522718,3.8852777777777776
PKG_001889,HUB_DPS,2026-10-08 07:02:00,2026-10-08 13:43:30.428024,6.691666666666666
PKG_001890,HUB_BDG,2026-10-13 22:08:00,2026-10-14 08:59:33.502815,10.859166666666667
PKG_001891,HUB_MKS,2026-10-07 23:09:00,2026-10-08 11:49:14.181931,12.670555555555556
PKG_001892,HUB_MKS,2026-10-01 19:53:00,2026-10-02 06:17:26.307915,10.407222222222222
PKG_001893,HUB_JKT,2026-10-04 00:11:00,2026-10-04 11:04:44.799639,10.895555555555555
PKG_001894,HUB_BKS,2026-10-15 16:50:00,2026-10-15 20:10:11.782903,3.336388888888889
PKG_001895,HUB_BKS,2026-10-12 18:23:00,2026-10-13 04:11:22.729113,9.806111111111111
PKG_001897,HUB_DPS,2026-10-12 13:23:00,2026-10-12 21:42:42.272033,8.328333333333333
PKG_001898,HUB_BDG,2026-10-05 07:24:00,2026-10-05 12:04:09.383174,4.6691666666666665
PKG_001899,HUB_DPS,2026-10-15 18:55:00,2026-10-16 01:38:37.202864,6.726944444444444
PKG_001900,HUB_MKS,2026-10-04 03:30:00,2026-10-04 19:59:13.894782,16.486944444444443
PKG_001901,HUB_JKT,2026-10-05 12:26:00,2026-10-05 18:35:21.076716,6.155833333333334
PKG_001902,HUB_JKT,2026-10-14 09:18:00,2026-10-14 09:33:00.000000,0.25
PKG_001904,HUB_JKT,2026-10-03 01:18:00,2026-10-03 08:48:59.700792,7.516388888888889
PKG_001905,HUB_JKT,2026-10-14 23:23:00,2026-10-15 08:41:20.429903,9.305555555555555
PKG_001906,HUB_JKT,2026-10-10 13:12:00,2026-10-10 15:07:52.761176,1.931111111111111
PKG_001907,HUB_JKT,2026-10-14 19:27:00,2026-10-15 02:01:25.074267,6.573611111111111
PKG_001908,HUB_BKS,2026-10-15 13:59:00,2026-10-15 20:05:43.230013,6.111944444444444
PKG_001909,HUB_MKS,2026-10-02 18:20:00,2026-10-03 00:00:11.453643,5.669722222222222
PKG_001910,HUB_BDG,2026-10-09 03:47:00,2026-10-09 09:02:04.187058,5.251111111111111
PKG_001911,HUB_JKT,2026-10-02 18:57:00,2026-10-03 01:41:39.671975,6.744166666666667
PKG_001912,HUB_JKT,2026-10-08 03:40:00,2026-10-08 10:34:39.749780,6.910833333333334
PKG_001913,HUB_MKS,2026-10-09 18:18:00,2026-10-10 01:17:36.445801,6.993333333333333
PKG_001914,HUB_MKS,2026-10-04 03:14:00,2026-10-04 11:06:48.621258,7.88
PKG_001915,HUB_MKS,2026-10-07 00:21:00,2026-10-07 10:25:02.194020,10.067222222222222
PKG_001916,HUB_JKT,2026-10-10 21:37:00,2026-10-11 02:16:03.613182,4.650833333333333
PKG_001917,HUB_BDG,2026-10-14 01:45:00,2026-10-14 13:17:39.181244,11.544166666666667
PKG_001918,HUB_MKS,2026-10-05 19:22:00,2026-10-06 06:19:39.389323,10.960833333333333
PKG_001919,HUB_SBY,2026-10-07 08:54:00,2026-10-07 18:28:43.034311,9.578611111111112
PKG_001921,HUB_JKT,2026-10-02 11:59:00,2026-10-02 21:09:07.866680,9.168611111111112
PKG_001922,HUB_SBY,2026-10-11 13:18:00,2026-10-11 22:38:30.084182,9.341666666666667
PKG_001925,HUB_DPS,2026-10-14 01:28:00,2026-10-14 08:40:16.636892,7.204444444444444
PKG_001926,HUB_MKS,2026-10-14 00:58:00,2026-10-14 08:20:00.862738,7.366666666666666
PKG_001927,HUB_JKT,2026-10-03 00:06:00,2026-10-03 11:23:35.804166,11.293055555555556
PKG_001928,HUB_DPS,2026-10-02 14:37:00,2026-10-02 19:59:42.834051,5.378333333333333
PKG_001929,HUB_SBY,2026-10-02 13:31:00,2026-10-02 19:57:37.384040,6.443611111111111
PKG_001931,HUB_MKS,2026-10-14 09:16:00,2026-10-14 12:32:33.311007,3.2758333333333334
PKG_001932,HUB_JKT,2026-10-06 04:26:00,2026-10-06 09:11:18.074994,4.755
PKG_001933,HUB_MKS,2026-10-08 12:41:00,2026-10-08 21:48:57.903682,9.1325
PKG_001934,HUB_MKS,2026-10-10 00:51:00,2026-10-10 13:41:44.358931,12.845555555555556
PKG_001935,HUB_DPS,2026-10-08 09:14:00,2026-10-08 18:00:46.009103,8.779444444444444
PKG_001936,HUB_JKT,2026-10-03 06:40:00,2026-10-03 15:29:03.843993,8.8175
PKG_001937,HUB_BDG,2026-10-11 03:07:00,2026-10-11 10:16:17.157462,7.154722222222222
PKG_001938,HUB_BDG,2026-10-07 02:23:00,2026-10-07 09:07:31.344557,6.741944444444444
PKG_001940,HUB_JKT,2026-10-08 16:11:00,2026-10-08 17:56:45.680203,1.7625
PKG_001941,HUB_SBY,2026-10-06 21:47:00,2026-10-07 01:23:29.749502,3.6080555555555556
PKG_001942,HUB_JKT,2026-10-03 22:31:00,2026-10-04 07:26:52.617632,8.931111111111111
PKG_001943,HUB_JKT,2026-10-06 05:56:00,2026-10-06 10:34:37.329250,4.643611111111111
PKG_001945,HUB_MKS,2026-10-07 11:13:00,2026-10-08 00:35:29.841379,13.374722222222223
PKG_001946,HUB_DPS,2026-10-13 09:53:00,2026-10-13 17:36:53.255372,7.731388888888889
PKG_001947,HUB_MKS,2026-10-02 14:35:00,2026-10-03 03:35:08.747011,13.002222222222223
PKG_001948,HUB_DPS,2026-10-13 11:00:00,2026-10-13 18:01:50.392050,7.030555555555556
PKG_001949,HUB_JKT,2026-10-11 21:35:00,2026-10-12 00:44:02.355333,3.1505555555555556
PKG_001952,HUB_JKT,2026-10-03 09:45:00,2026-10-03 20:13:03.910468,10.4675
PKG_001955,HUB_JKT,2026-10-04 10:43:00,2026-10-04 18:39:28.318689,7.941111111111111
PKG_001956,HUB_DPS,2026-10-11 09:19:00,2026-10-11 15:00:05.302503,5.684722222222222
PKG_001957,HUB_MKS,2026-10-05 05:37:00,2026-10-05 18:58:26.270620,13.357222222222223
PKG_001958,HUB_SBY,2026-10-05 01:51:00,2026-10-05 12:06:23.618684,10.256388888888889
PKG_001959,HUB_MKS,2026-10-11 13:03:00,2026-10-12 02:31:01.288750,13.466944444444444
PKG_001960,HUB_BDG,2026-10-01 03:20:00,2026-10-01 08:22:35.542321,5.043055555555555
PKG_001961,HUB_JKT,2026-10-09 00:33:00,2026-10-09 10:05:28.678507,9.54111111111111
PKG_001962,HUB_JKT,2026-10-03 13:12:00,2026-10-03 18:31:01.307755,5.316944444444444
PKG_001963,HUB_JKT,2026-10-11 13:16:00,2026-10-11 19:14:00.047538,5.966666666666667
PKG_001964,HUB_JKT,2026-10-06 09:04:00,2026-10-06 13:26:38.158824,4.377222222222223
PKG_001965,HUB_SBY,2026-10-04 12:25:00,2026-10-04 17:37:11.591469,5.203055555555555
PKG_001966,HUB_JKT,2026-10-12 16:39:00,2026-10-12 23:28:24.020087,6.823333333333333
PKG_001967,HUB_JKT,2026-10-03 21:36:00,2026-10-04 01:13:44.526505,3.628888888888889
PKG_001968,HUB_JKT,2026-10-05 19:27:00,2026-10-05 23:04:02.966980,3.6172222222222223
PKG_001970,HUB_JKT,2026-10-05 17:31:00,2026-10-05 23:31:29.400586,6.008055555555556
PKG_001971,HUB_MKS,2026-10-09 04:09:00,2026-10-09 15:25:10.961520,11.269444444444444
PKG_001972,HUB_JKT,2026-10-08 15:12:00,2026-10-08 21:08:50.511706,5.947222222222222
PKG_001973,HUB_SBY,2026-10-14 12:52:00,2026-10-14 21:55:51.864091,9.064166666666667
PKG_001974,HUB_JKT,2026-10-01 12:30:00,2026-10-02 00:09:29.030729,11.658055555555556
PKG_001975,HUB_JKT,2026-10-07 19:02:00,2026-10-07 23:33:59.975129,4.533055555555555
PKG_001977,HUB_JKT,2026-10-03 16:43:00,2026-10-03 23:20:56.932127,6.6322222222222225
PKG_001978,HUB_MKS,2026-10-01 22:09:00,2026-10-02 08:51:09.534068,10.7025
PKG_001979,HUB_MKS,2026-10-07 21:35:00,2026-10-08 04:17:37.991769,6.710277777777778
PKG_001980,HUB_JKT,2026-10-05 06:58:00,2026-10-05 11:50:44.215233,4.878888888888889
PKG_001981,HUB_JKT,2026-10-04 20:15:00,2026-10-05 01:14:45.441074,4.995833333333334
PKG_001982,HUB_DPS,2026-10-08 19:36:00,2026-10-09 03:51:33.121730,8.259166666666667
PKG_001983,HUB_MKS,2026-10-01 21:27:00,2026-10-02 05:06:05.916101,7.651388888888889
PKG_001984,HUB_JKT,2026-10-08 01:55:00,2026-10-08 08:18:08.918975,6.385555555555555
PKG_001985,HUB_MKS,2026-10-06 10:45:00,2026-10-07 00:16:54.132480,13.531666666666666
PKG_001986,HUB_MKS,2026-10-06 08:48:00,2026-10-06 16:42:22.018984,7.9061111111111115
PKG_001987,HUB_JKT,2026-10-09 07:47:00,2026-10-09 16:33:37.931907,8.776944444444444
PKG_001988,HUB_DPS,2026-10-13 19:51:00,2026-10-13 23:50:57.972503,3.9991666666666665
PKG_001989,HUB_BKS,2026-10-15 11:11:00,2026-10-15 16:19:48.514647,5.1466666666666665
PKG_001990,HUB_SBY,2026-10-12 10:35:00,2026-10-12 20:30:56.294255,9.932222222222222
PKG_001991,HUB_JKT,2026-10-01 12:05:00,2026-10-01 13:45:15.088427,1.6708333333333334
PKG_001992,HUB_JKT,2026-10-10 01:57:00,2026-10-10 07:44:30.057123,5.791666666666667
PKG_001993,HUB_JKT,2026-10-06 10:48:00,2026-10-06 22:49:58.235389,12.032777777777778
PKG_001994,HUB_JKT,2026-10-07 12:08:00,2026-10-07 19:33:45.841653,7.429166666666666
PKG_001995,HUB_JKT,2026-10-10 10:53:00,2026-10-10 18:44:34.067280,7.859444444444445
PKG_001996,HUB_BDG,2026-10-06 03:25:00,2026-10-06 08:59:00.180585,5.566666666666666
PKG_001997,HUB_MKS,2026-10-13 01:54:00,2026-10-13 14:51:11.002300,12.953055555555556
PKG_001998,HUB_JKT,2026-10-04 13:25:00,2026-10-04 15:21:55.360339,1.948611111111111
PKG_001999,HUB_MKS,2026-10-11 11:34:00,2026-10-11 21:46:16.340308,10.204444444444444
PKG_002000,HUB_SBY,2026-10-01 13:49:00,2026-10-02 03:07:40.373941,13.311111111111112
PKG_002001,HUB_MKS,2026-10-04 00:07:00,2026-10-04 08:22:51.244875,8.264166666666666
PKG_002002,HUB_JKT,2026-10-15 07:40:00,2026-10-15 13:29:11.039766,5.8197222222222225
PKG_002003,HUB_MKS,2026-10-15 18:28:00,2026-10-15 21:49:28.391047,3.3577777777777778
PKG_002004,HUB_JKT,2026-10-11 12:55:00,2026-10-11 19:03:12.269457,6.136666666666667
PKG_002005,HUB_SBY,2026-10-03 19:24:00,2026-10-04 04:06:40.355629,8.71111111111111
PKG_002006,HUB_JKT,2026-10-09 14:29:00,2026-10-09 19:44:40.738253,5.261111111111111
PKG_002007,HUB_SBY,2026-10-05 05:50:00,2026-10-05 11:11:36.345833,5.36
PKG_002008,HUB_DPS,2026-10-05 20:26:00,2026-10-06 01:19:05.509156,4.884722222222222
PKG_002009,HUB_SBY,2026-10-12 21:11:00,2026-10-13 04:27:04.294031,7.267777777777778
PKG_002010,HUB_MKS,2026-10-03 22:33:00,2026-10-04 08:06:50.637236,9.563888888888888
PKG_002011,HUB_JKT,2026-10-11 10:44:00,2026-10-11 19:16:42.727924,8.545
PKG_002013,HUB_BDG,2026-10-13 14:21:00,2026-10-13 22:57:43.306052,8.611944444444445
PKG_002014,HUB_BDG,2026-10-10 21:25:00,2026-10-11 11:13:56.583543,13.815555555555555
PKG_002015,HUB_MKS,2026-10-06 23:26:00,2026-10-07 11:05:59.100206,11.66638888888889
PKG_002016,HUB_MKS,2026-10-15 10:39:00,2026-10-15 22:24:29.647551,11.758055555555556
PKG_002017,HUB_SBY,2026-10-04 12:15:00,2026-10-04 19:59:48.920348,7.746666666666667
PKG_002018,HUB_BDG,2026-10-15 01:28:00,2026-10-15 05:20:48.529794,3.88
PKG_002019,HUB_SBY,2026-10-11 21:28:00,2026-10-12 07:12:02.280312,9.733888888888888
PKG_002020,HUB_BDG,2026-10-01 03:26:00,2026-10-01 09:31:28.762677,6.091111111111111
PKG_002021,HUB_JKT,2026-10-01 07:24:00,2026-10-01 15:08:14.444625,7.737222222222222
PKG_002022,HUB_MKS,2026-10-11 18:36:00,2026-10-12 04:28:40.971177,9.877777777777778
PKG_002023,HUB_JKT,2026-10-02 15:42:00,2026-10-03 00:29:24.849143,8.79
PKG_002024,HUB_DPS,2026-10-08 18:53:00,2026-10-08 19:47:16.101099,0.9044444444444445
PKG_002025,HUB_BKS,2026-10-14 10:43:00,2026-10-14 15:21:29.828070,4.641388888888889
PKG_002027,HUB_JKT,2026-10-02 16:01:00,2026-10-03 02:02:56.907906,10.032222222222222
PKG_002028,HUB_MKS,2026-10-13 21:19:00,2026-10-14 06:38:01.101734,9.316944444444445
PKG_002030,HUB_MKS,2026-10-13 09:28:00,2026-10-13 22:38:36.434932,13.176666666666666
PKG_002031,HUB_DPS,2026-10-08 00:37:00,2026-10-08 08:06:17.414104,7.4880555555555555
PKG_002032,HUB_MKS,2026-10-08 14:53:00,2026-10-09 04:37:58.189596,13.749444444444444
PKG_002033,HUB_BDG,2026-10-12 01:34:00,2026-10-12 09:46:18.737948,8.205
PKG_002034,HUB_YGY,2026-10-11 13:33:00,2026-10-11 20:41:08.340618,7.135555555555555
PKG_002035,HUB_MKS,2026-10-08 01:02:00,2026-10-08 12:20:32.322542,11.30888888888889
PKG_002036,HUB_JKT,2026-10-10 06:06:00,2026-10-10 12:23:06.371349,6.285
PKG_002037,HUB_JKT,2026-10-10 16:59:00,2026-10-10 19:12:33.501606,2.2258333333333336
PKG_002038,HUB_JKT,2026-10-05 16:26:00,2026-10-05 19:08:45.823851,2.7125
PKG_002039,HUB_MKS,2026-10-11 12:40:00,2026-10-11 21:42:42.049693,9.045
PKG_002040,HUB_MKS,2026-10-13 23:15:00,2026-10-14 10:37:43.579203,11.37861111111111
PKG_002041,HUB_BKS,2026-10-06 22:56:00,2026-10-07 09:08:38.403009,10.210555555555555
PKG_002042,HUB_JKT,2026-10-13 22:57:00,2026-10-14 01:43:16.501866,2.7711111111111113
PKG_002043,HUB_JKT,2026-10-11 06:14:00,2026-10-11 12:31:05.533408,6.284722222222222
PKG_002044,HUB_JKT,2026-10-06 02:37:00,2026-10-06 12:48:27.362981,10.190833333333334
PKG_002045,HUB_BKS,2026-10-13 03:11:00,2026-10-13 05:57:02.714832,2.7672222222222222
PKG_002046,HUB_BDG,2026-10-11 03:19:00,2026-10-11 06:46:45.828265,3.4625
PKG_002047,HUB_DPS,2026-10-12 19:12:00,2026-10-13 00:30:53.395547,5.314722222222223
PKG_002048,HUB_JKT,2026-10-01 05:32:00,2026-10-01 14:12:50.728314,8.680555555555555
PKG_002049,HUB_SBY,2026-10-13 21:25:00,2026-10-14 06:28:17.315875,9.054722222222223
PKG_002050,HUB_JKT,2026-10-09 22:53:00,2026-10-10 06:04:53.521314,7.198055555555555
PKG_002051,HUB_BDG,2026-10-01 01:15:00,2026-10-01 06:15:25.719588,5.006944444444445
PKG_002052,HUB_JKT,2026-10-06 21:39:00,2026-10-07 03:44:45.011287,6.095833333333333
PKG_002053,HUB_JKT,2026-10-05 15:47:00,2026-10-05 22:19:24.773872,6.54
PKG_002054,HUB_MKS,2026-10-05 04:00:00,2026-10-05 16:01:27.763705,12.024166666666666
PKG_002056,HUB_DPS,2026-10-13 22:47:00,2026-10-14 08:05:57.680094,9.315833333333334
PKG_002057,HUB_SBY,2026-10-12 02:07:00,2026-10-12 08:43:02.733814,6.600555555555555
PKG_002058,HUB_MKS,2026-10-09 08:13:00,2026-10-09 19:29:39.219171,11.2775
PKG_002059,HUB_JKT,2026-10-08 15:55:00,2026-10-08 22:23:15.445396,6.470833333333333
PKG_002060,HUB_JKT,2026-10-04 01:25:00,2026-10-04 04:15:50.283839,2.8472222222222223
PKG_002061,HUB_JKT,2026-10-11 15:50:00,2026-10-11 19:02:27.770748,3.2075
PKG_002062,HUB_MKS,2026-10-11 21:15:00,2026-10-12 09:13:28.964266,11.974444444444444
PKG_002063,HUB_SBY,2026-10-05 19:01:00,2026-10-06 09:06:32.283325,14.092222222222222
PKG_002064,HUB_JKT,2026-10-07 03:55:00,2026-10-07 12:58:18.468339,9.055
PKG_002066,HUB_JKT,2026-10-09 11:52:00,2026-10-09 14:42:34.097240,2.8427777777777776
PKG_002067,HUB_MKS,2026-10-03 07:28:00,2026-10-03 19:21:46.779500,11.89611111111111
PKG_002070,HUB_SBY,2026-10-09 18:24:00,2026-10-10 01:15:03.009982,6.850833333333333
PKG_002072,HUB_MKS,2026-10-12 16:26:00,2026-10-13 00:58:10.944372,8.536111111111111
PKG_002073,HUB_JKT,2026-10-02 16:22:00,2026-10-02 22:36:09.495052,6.235833333333333
PKG_002074,HUB_JKT,2026-10-15 02:17:00,2026-10-15 09:30:30.078012,7.225
PKG_002075,HUB_MKS,2026-10-04 22:17:00,2026-10-05 11:13:56.570584,12.948888888888888
PKG_002076,HUB_DPS,2026-10-04 09:43:00,2026-10-04 21:03:39.501286,11.344166666666666
PKG_002078,HUB_JKT,2026-10-11 01:50:00,2026-10-11 06:36:28.050509,4.774444444444445
PKG_002079,HUB_DPS,2026-10-01 06:24:00,2026-10-01 12:49:57.603178,6.4325
PKG_002080,HUB_SBY,2026-10-08 03:03:00,2026-10-08 12:03:29.743923,9.008055555555556
PKG_002081,HUB_SBY,2026-10-05 18:15:00,2026-10-06 05:29:49.151996,11.246944444444445
PKG_002083,HUB_SBY,2026-10-01 15:10:00,2026-10-01 21:49:09.529790,6.6525
PKG_002084,HUB_BDG,2026-10-05 23:15:00,2026-10-06 04:03:49.603694,4.813611111111111
PKG_002085,HUB_JKT,2026-10-04 12:11:00,2026-10-04 18:14:47.698517,6.063055555555556
PKG_002086,HUB_SBY,2026-10-15 04:30:00,2026-10-15 11:46:49.743834,7.280277777777778
PKG_002087,HUB_SBY,2026-10-01 22:05:00,2026-10-02 09:43:37.206795,11.643611111111111
PKG_002088,HUB_JKT,2026-10-04 22:25:00,2026-10-05 06:18:00.991324,7.883333333333334
PKG_002090,HUB_JKT,2026-10-08 00:55:00,2026-10-08 07:04:54.384184,6.165
PKG_002091,HUB_MKS,2026-10-12 10:25:00,2026-10-12 23:26:51.527924,13.030833333333334
PKG_002092,HUB_SBY,2026-10-07 09:53:00,2026-10-07 16:53:55.123588,7.0152777777777775
PKG_002093,HUB_JKT,2026-10-15 23:37:00,2026-10-16 08:04:21.805978,8.455833333333333
PKG_002094,HUB_JKT,2026-10-07 11:16:00,2026-10-07 21:22:32.770921,10.108888888888888
PKG_002095,HUB_MKS,2026-10-13 22:23:00,2026-10-14 09:25:46.596559,11.046111111111111
PKG_002096,HUB_MKS,2026-10-14 22:45:00,2026-10-15 05:24:33.007506,6.659166666666667
PKG_002097,HUB_MKS,2026-10-02 07:08:00,2026-10-02 18:08:32.648910,11.008888888888889
PKG_002098,HUB_JKT,2026-10-04 16:05:00,2026-10-05 01:41:35.292010,9.609722222222222
PKG_002101,HUB_BDG,2026-10-06 13:17:00,2026-10-06 21:45:43.879736,8.47861111111111
PKG_002102,HUB_DPS,2026-10-05 15:19:00,2026-10-05 20:35:58.124330,5.282777777777778
PKG_002103,HUB_SBY,2026-10-13 08:11:00,2026-10-13 20:14:25.466265,12.056944444444444
PKG_002104,HUB_JKT,2026-10-02 16:37:00,2026-10-02 21:27:13.647537,4.836944444444445
PKG_002105,HUB_JKT,2026-10-13 07:13:00,2026-10-13 16:34:50.509102,9.363888888888889
PKG_002106,HUB_JKT,2026-10-01 10:48:00,2026-10-01 14:30:33.547153,3.7091666666666665
PKG_002107,HUB_SBY,2026-10-14 05:51:00,2026-10-14 16:07:00.679192,10.266666666666667
PKG_002108,HUB_JKT,2026-10-14 19:20:00,2026-10-15 05:24:38.258126,10.077222222222222
PKG_002109,HUB_MKS,2026-10-13 03:13:00,2026-10-13 11:46:38.779919,8.560555555555556
PKG_002110,HUB_JKT,2026-10-09 21:25:00,2026-10-10 01:58:21.189628,4.555833333333333
PKG_002111,HUB_MKS,2026-10-03 03:26:00,2026-10-03 15:41:33.346255,12.259166666666667
PKG_002113,HUB_JKT,2026-10-07 02:25:00,2026-10-07 08:27:01.952377,6.033611111111111
PKG_002114,HUB_MKS,2026-10-01 11:47:00,2026-10-01 21:17:15.371573,9.504166666666666
PKG_002115,HUB_MKS,2026-10-15 01:24:00,2026-10-15 13:06:28.897377,11.707777777777778
PKG_002116,HUB_MKS,2026-10-06 12:27:00,2026-10-06 21:18:02.109440,8.850555555555555
PKG_002118,HUB_MKS,2026-10-09 23:26:00,2026-10-10 09:53:50.117092,10.463888888888889
PKG_002119,HUB_JKT,2026-10-11 10:30:00,2026-10-11 19:57:07.071548,9.451944444444445
PKG_002121,HUB_JKT,2026-10-11 23:29:00,2026-10-12 04:55:29.369240,5.441388888888889
PKG_002122,HUB_MKS,2026-10-10 11:11:00,2026-10-11 02:00:06.947228,14.818333333333333
PKG_002123,HUB_JKT,2026-10-05 20:14:00,2026-10-06 05:26:15.692862,9.204166666666667
PKG_002124,HUB_JKT,2026-10-09 03:12:00,2026-10-09 10:51:15.592028,7.654166666666667
PKG_002125,HUB_SBY,2026-10-07 16:40:00,2026-10-07 22:12:46.047861,5.546111111111111
PKG_002127,HUB_JKT,2026-10-07 04:12:00,2026-10-07 13:03:16.534696,8.854444444444445
PKG_002128,HUB_YGY,2026-10-13 17:05:00,2026-10-14 01:02:51.093424,7.964166666666666
PKG_002129,HUB_BDG,2026-10-03 20:50:00,2026-10-04 08:24:29.532286,11.574722222222222
PKG_002131,HUB_BDG,2026-10-06 21:14:00,2026-10-07 01:52:21.659387,4.639166666666667
PKG_002132,HUB_JKT,2026-10-03 04:38:00,2026-10-03 11:39:10.923203,7.019444444444445
PKG_002133,HUB_JKT,2026-10-08 13:52:00,2026-10-08 20:37:55.674721,6.7652777777777775
PKG_002135,HUB_SBY,2026-10-11 13:01:00,2026-10-11 18:53:08.154920,5.868888888888889
PKG_002136,HUB_JKT,2026-10-08 09:20:00,2026-10-08 16:25:18.309138,7.088333333333333
PKG_002137,HUB_JKT,2026-10-10 05:46:00,2026-10-10 14:58:26.685229,9.207222222222223
PKG_002138,HUB_SBY,2026-10-09 06:23:00,2026-10-09 16:50:44.385167,10.462222222222222
PKG_002139,HUB_SBY,2026-10-09 02:45:00,2026-10-09 11:32:40.040950,8.794444444444444
PKG_002140,HUB_JKT,2026-10-14 05:04:00,2026-10-14 09:59:10.362672,4.919444444444444
PKG_002141,HUB_JKT,2026-10-08 14:03:00,2026-10-08 21:23:56.591316,7.348888888888889
PKG_002142,HUB_JKT,2026-10-15 15:52:00,2026-10-16 01:50:04.754561,9.967777777777778
PKG_002144,HUB_JKT,2026-10-11 03:07:00,2026-10-11 11:58:02.393515,8.850555555555555
PKG_002145,HUB_BDG,2026-10-12 15:32:00,2026-10-13 01:52:51.382187,10.3475
PKG_002146,HUB_JKT,2026-10-11 21:42:00,2026-10-12 05:37:31.056752,7.925277777777778
PKG_002147,HUB_JKT,2026-10-05 18:38:00,2026-10-06 02:09:38.361734,7.527222222222222
PKG_002148,HUB_JKT,2026-10-14 08:52:00,2026-10-14 14:37:07.643170,5.751944444444445
PKG_002149,HUB_MKS,2026-10-14 03:21:00,2026-10-14 19:15:16.966912,15.904444444444444
PKG_002150,HUB_SBY,2026-10-07 14:39:00,2026-10-07 23:43:41.508147,9.078055555555556
PKG_002151,HUB_JKT,2026-10-14 23:54:00,2026-10-15 06:21:59.001921,6.466388888888889
PKG_002152,HUB_SBY,2026-10-08 22:20:00,2026-10-09 03:34:15.061089,5.2375
PKG_002153,HUB_JKT,2026-10-14 06:50:00,2026-10-14 10:48:27.783804,3.9741666666666666
PKG_002154,HUB_JKT,2026-10-14 20:17:00,2026-10-15 04:00:16.121680,7.721111111111111
PKG_002155,HUB_JKT,2026-10-06 23:27:00,2026-10-07 10:31:15.755537,11.070833333333333
PKG_002156,HUB_MKS,2026-10-12 21:49:00,2026-10-13 06:15:23.546348,8.439722222222223
PKG_002157,HUB_MKS,2026-10-13 04:55:00,2026-10-13 16:11:45.359549,11.279166666666667
PKG_002158,HUB_MKS,2026-10-01 12:22:00,2026-10-01 23:32:44.487339,11.178888888888888
PKG_002159,HUB_JKT,2026-10-03 09:32:00,2026-10-03 13:26:43.145970,3.9119444444444444
PKG_002160,HUB_BDG,2026-10-03 00:50:00,2026-10-03 09:26:19.061527,8.605277777777777
PKG_002161,HUB_YGY,2026-10-01 06:29:00,2026-10-01 15:55:17.261405,9.438055555555556
PKG_002162,HUB_MKS,2026-10-01 05:41:00,2026-10-01 12:29:31.129335,6.808611111111111
PKG_002165,HUB_DPS,2026-10-13 01:57:00,2026-10-13 06:00:35.560518,4.059722222222222
PKG_002166,HUB_MKS,2026-10-05 18:08:00,2026-10-06 04:41:30.366215,10.558333333333334
PKG_002167,HUB_DPS,2026-10-10 18:56:00,2026-10-11 04:25:02.544278,9.483888888888888
PKG_002168,HUB_MKS,2026-10-13 22:15:00,2026-10-14 10:39:10.380604,12.402777777777779
PKG_002169,HUB_SBY,2026-10-01 23:15:00,2026-10-02 05:11:36.229380,5.943333333333333
PKG_002171,HUB_JKT,2026-10-02 13:30:00,2026-10-02 22:02:54.634752,8.548333333333334
PKG_002172,HUB_DPS,2026-10-08 14:49:00,2026-10-08 17:51:29.454822,3.0413888888888887
PKG_002174,HUB_MKS,2026-10-05 17:53:00,2026-10-06 07:21:16.520653,13.471111111111112
PKG_002175,HUB_MKS,2026-10-13 00:49:00,2026-10-13 11:22:23.441708,10.55638888888889
PKG_002177,HUB_SBY,2026-10-11 08:07:00,2026-10-11 17:06:04.398386,8.984444444444444
PKG_002178,HUB_SBY,2026-10-11 07:46:00,2026-10-11 11:13:43.410024,3.4619444444444443
PKG_002179,HUB_BDG,2026-10-13 17:48:00,2026-10-14 05:41:22.964176,11.889444444444445
PKG_002180,HUB_JKT,2026-10-05 17:44:00,2026-10-06 00:19:18.131367,6.588333333333333
PKG_002181,HUB_SBY,2026-10-09 04:08:00,2026-10-09 14:21:21.291396,10.2225
PKG_002183,HUB_MKS,2026-10-15 11:50:00,2026-10-16 02:57:04.324372,15.117777777777778
PKG_002184,HUB_JKT,2026-10-15 21:49:00,2026-10-16 00:06:06.855158,2.285
PKG_002186,HUB_MKS,2026-10-04 15:08:00,2026-10-05 01:49:37.269715,10.69361111111111
PKG_002187,HUB_SBY,2026-10-08 01:03:00,2026-10-08 12:26:04.251914,11.384444444444444
PKG_002188,HUB_MKS,2026-10-09 20:52:00,2026-10-10 09:25:44.706625,12.562222222222223
PKG_002190,HUB_JKT,2026-10-03 06:26:00,2026-10-03 11:53:27.806346,5.4575
PKG_002191,HUB_SBY,2026-10-05 21:28:00,2026-10-06 06:20:09.284125,8.869166666666667
PKG_002192,HUB_JKT,2026-10-08 15:04:00,2026-10-08 22:11:14.317469,7.120555555555556
PKG_002193,HUB_JKT,2026-10-13 08:56:00,2026-10-13 15:37:36.506894,6.693333333333333
PKG_002194,HUB_BDG,2026-10-01 06:43:00,2026-10-01 14:02:22.351892,7.322777777777778
PKG_002195,HUB_MKS,2026-10-04 15:30:00,2026-10-05 03:24:22.472834,11.90611111111111
PKG_002196,HUB_JKT,2026-10-03 17:30:00,2026-10-04 01:26:12.256512,7.9366666666666665
PKG_002197,HUB_BDG,2026-10-12 06:52:00,2026-10-12 15:31:33.648095,8.659166666666666
PKG_002198,HUB_JKT,2026-10-04 07:01:00,2026-10-04 14:59:15.329718,7.970833333333333
PKG_002199,HUB_JKT,2026-10-15 17:51:00,2026-10-15 23:44:09.034720,5.885833333333333
PKG_002200,HUB_SBY,2026-10-01 09:17:00,2026-10-01 18:37:18.956535,9.338333333333333
PKG_002201,HUB_SBY,2026-10-05 17:43:00,2026-10-06 01:01:19.348121,7.3052777777777775
PKG_002203,HUB_MKS,2026-10-13 06:56:00,2026-10-13 15:58:53.797739,9.048055555555555
PKG_002204,HUB_BDG,2026-10-04 21:14:00,2026-10-05 06:42:41.902615,9.478055555555555
PKG_002205,HUB_MKS,2026-10-10 09:53:00,2026-10-10 20:16:38.202299,10.393888888888888
PKG_002206,HUB_JKT,2026-10-01 05:16:00,2026-10-01 15:27:02.458480,10.18388888888889
PKG_002207,HUB_SBY,2026-10-03 00:22:00,2026-10-03 10:03:28.906362,9.69111111111111
PKG_002208,HUB_MKS,2026-10-13 00:57:00,2026-10-13 11:16:28.156831,10.324444444444444
PKG_002209,HUB_JKT,2026-10-05 11:47:00,2026-10-05 20:19:24.472848,8.54
PKG_002210,HUB_JKT,2026-10-14 01:31:00,2026-10-14 01:46:00.000000,0.25
PKG_002211,HUB_BKS,2026-10-05 12:50:00,2026-10-05 18:42:51.239210,5.880833333333333
PKG_002212,HUB_JKT,2026-10-01 11:15:00,2026-10-01 15:20:39.183692,4.094166666666666
PKG_002213,HUB_JKT,2026-10-03 12:44:00,2026-10-03 19:34:37.681478,6.8436111111111115
PKG_002214,HUB_JKT,2026-10-14 04:33:00,2026-10-14 11:25:01.647428,6.866944444444444
PKG_002215,HUB_JKT,2026-10-12 06:02:00,2026-10-12 13:51:40.606754,7.8277777777777775
PKG_002216,HUB_JKT,2026-10-01 04:51:00,2026-10-01 14:29:04.986346,9.634444444444444
PKG_002218,HUB_JKT,2026-10-05 23:40:00,2026-10-06 11:52:28.060659,12.207777777777778
PKG_002219,HUB_JKT,2026-10-02 22:30:00,2026-10-03 03:58:00.047174,5.466666666666667
PKG_002220,HUB_JKT,2026-10-01 09:55:00,2026-10-01 20:15:55.135574,10.348611111111111
PKG_002221,HUB_JKT,2026-10-10 09:29:00,2026-10-10 14:10:38.698076,4.693888888888889
PKG_002223,HUB_BDG,2026-10-13 06:24:00,2026-10-13 17:07:41.083155,10.728055555555555
PKG_002224,HUB_JKT,2026-10-09 21:34:00,2026-10-10 02:31:30.600417,4.958333333333333
PKG_002225,HUB_JKT,2026-10-06 04:11:00,2026-10-06 11:45:51.953717,7.5808333333333335
PKG_002226,HUB_JKT,2026-10-02 23:37:00,2026-10-03 04:20:01.376251,4.716944444444445
PKG_002227,HUB_MKS,2026-10-10 12:39:00,2026-10-11 02:24:22.077708,13.75611111111111
PKG_002228,HUB_JKT,2026-10-01 17:18:00,2026-10-01 22:58:10.703962,5.669444444444444
PKG_002229,HUB_JKT,2026-10-06 12:19:00,2026-10-06 16:34:32.980644,4.2588888888888885
PKG_002230,HUB_SBY,2026-10-15 06:30:00,2026-10-15 14:36:43.836382,8.111944444444445
PKG_002231,HUB_MKS,2026-10-12 07:50:00,2026-10-12 18:05:20.416412,10.255555555555556
PKG_002232,HUB_MKS,2026-10-02 01:07:00,2026-10-02 08:57:19.718697,7.838611111111111
PKG_002233,HUB_DPS,2026-10-07 19:45:00,2026-10-07 21:25:27.710937,1.6741666666666666
PKG_002234,HUB_BKS,2026-10-08 00:49:00,2026-10-08 11:11:23.962512,10.373055555555556
PKG_002235,HUB_MKS,2026-10-04 20:20:00,2026-10-05 07:58:04.234929,11.634444444444444
PKG_002236,HUB_JKT,2026-10-09 22:04:00,2026-10-10 06:56:09.414909,8.869166666666667
PKG_002237,HUB_JKT,2026-10-03 23:00:00,2026-10-04 05:50:14.297923,6.8372222222222225
PKG_002238,HUB_BDG,2026-10-15 04:32:00,2026-10-15 13:01:04.735034,8.484444444444444
PKG_002239,HUB_JKT,2026-10-10 09:26:00,2026-10-10 17:37:07.526043,8.185277777777777
PKG_002240,HUB_DPS,2026-10-05 18:24:00,2026-10-06 00:42:43.189408,6.311944444444444
PKG_002241,HUB_JKT,2026-10-02 23:26:00,2026-10-03 04:35:47.692585,5.163055555555555
PKG_002242,HUB_JKT,2026-10-10 02:16:00,2026-10-10 12:18:58.568647,10.049444444444445
PKG_002243,HUB_SBY,2026-10-12 05:16:00,2026-10-12 14:14:28.512104,8.974444444444444
PKG_002244,HUB_JKT,2026-10-14 08:26:00,2026-10-14 12:19:28.204999,3.891111111111111
PKG_002245,HUB_JKT,2026-10-10 13:15:00,2026-10-10 13:30:00.000000,0.25
PKG_002246,HUB_JKT,2026-10-04 15:55:00,2026-10-04 21:06:28.934543,5.191111111111111
PKG_002247,HUB_JKT,2026-10-01 16:00:00,2026-10-02 00:51:46.968335,8.862777777777778
PKG_002248,HUB_JKT,2026-10-15 14:32:00,2026-10-15 23:14:57.533146,8.715833333333334
PKG_002249,HUB_JKT,2026-10-11 03:58:00,2026-10-11 07:47:12.979931,3.82
PKG_002250,HUB_JKT,2026-10-11 19:19:00,2026-10-12 01:16:00.207368,5.95
PKG_002251,HUB_BDG,2026-10-13 14:58:00,2026-10-13 18:43:08.628304,3.752222222222222
PKG_002252,HUB_SBY,2026-10-15 00:52:00,2026-10-15 11:35:05.540894,10.718055555555555
PKG_002254,HUB_MKS,2026-10-03 17:11:00,2026-10-04 01:40:22.212104,8.489444444444445
PKG_002255,HUB_JKT,2026-10-04 03:08:00,2026-10-04 10:45:13.227490,7.620277777777778
PKG_002256,HUB_MKS,2026-10-15 00:10:00,2026-10-15 07:20:44.079621,7.178888888888889
PKG_002257,HUB_SBY,2026-10-09 17:49:00,2026-10-10 02:17:33.706996,8.475833333333334
PKG_002258,HUB_DPS,2026-10-01 03:48:00,2026-10-01 13:12:10.103381,9.402777777777779
PKG_002259,HUB_MKS,2026-10-12 09:20:00,2026-10-12 21:19:42.075446,11.995
PKG_002261,HUB_BDG,2026-10-06 21:45:00,2026-10-07 02:58:49.123960,5.230277777777777
PKG_002262,HUB_MKS,2026-10-09 07:09:00,2026-10-09 19:20:02.060696,12.18388888888889
PKG_002264,HUB_BKS,2026-10-15 18:19:00,2026-10-15 22:05:48.983055,3.78
PKG_002265,HUB_JKT,2026-10-13 05:55:00,2026-10-13 15:05:56.043792,9.182222222222222
PKG_002266,HUB_SBY,2026-10-02 16:44:00,2026-10-02 22:46:47.966597,6.046388888888889
PKG_002267,HUB_MKS,2026-10-09 07:11:00,2026-10-09 18:01:20.410824,10.838888888888889
PKG_002268,HUB_SBY,2026-10-08 12:13:00,2026-10-08 16:46:25.978651,4.5569444444444445
PKG_002269,HUB_JKT,2026-10-12 08:20:00,2026-10-12 11:34:35.930094,3.2430555555555554
PKG_002270,HUB_MKS,2026-10-13 13:21:00,2026-10-14 01:53:47.438886,12.546388888888888
PKG_002271,HUB_MKS,2026-10-12 05:04:00,2026-10-12 15:01:16.618464,9.954444444444444
PKG_002272,HUB_MKS,2026-10-15 13:14:00,2026-10-16 00:43:57.258221,11.499166666666667
PKG_002273,HUB_JKT,2026-10-07 15:51:00,2026-10-07 19:05:33.466518,3.2425
PKG_002275,HUB_SBY,2026-10-13 02:18:00,2026-10-13 14:58:35.522600,12.676388888888889
PKG_002276,HUB_JKT,2026-10-05 05:25:00,2026-10-05 12:16:58.782768,6.8661111111111115
PKG_002277,HUB_SBY,2026-10-09 17:20:00,2026-10-10 04:53:32.181371,11.55888888888889
PKG_002278,HUB_JKT,2026-10-12 17:54:00,2026-10-13 01:53:23.587031,7.989722222222222
PKG_002279,HUB_DPS,2026-10-05 16:58:00,2026-10-06 03:11:57.750592,10.2325
PKG_002280,HUB_MKS,2026-10-04 03:33:00,2026-10-04 18:47:20.437290,15.238888888888889
PKG_002281,HUB_JKT,2026-10-01 16:29:00,2026-10-02 00:22:01.697523,7.883611111111111
PKG_002282,HUB_MKS,2026-10-06 08:30:00,2026-10-06 16:06:58.543318,7.6161111111111115
PKG_002283,HUB_MKS,2026-10-14 03:30:00,2026-10-14 13:05:21.836473,9.589166666666667
PKG_002286,HUB_JKT,2026-10-10 03:47:00,2026-10-10 11:10:22.847400,7.389444444444444
PKG_002287,HUB_SBY,2026-10-11 23:18:00,2026-10-12 11:10:21.851917,11.8725
PKG_002288,HUB_JKT,2026-10-04 17:46:00,2026-10-05 03:19:30.650585,9.558333333333334
PKG_002289,HUB_MKS,2026-10-14 03:11:00,2026-10-14 13:04:39.788007,9.894166666666667
PKG_002290,HUB_JKT,2026-10-01 16:09:00,2026-10-01 22:56:18.839703,6.788333333333333
PKG_002292,HUB_DPS,2026-10-01 10:33:00,2026-10-01 19:21:20.991462,8.805555555555555
PKG_002293,HUB_DPS,2026-10-01 05:53:00,2026-10-01 14:19:06.076430,8.435
PKG_002294,HUB_JKT,2026-10-03 13:47:00,2026-10-03 20:02:10.677640,6.252777777777778
PKG_002295,HUB_MKS,2026-10-13 06:52:00,2026-10-13 17:55:25.403307,11.056944444444444
PKG_002296,HUB_SBY,2026-10-13 12:23:00,2026-10-14 00:03:02.606263,11.667222222222222
PKG_002297,HUB_BKS,2026-10-12 05:23:00,2026-10-12 13:29:36.599103,8.11
PKG_002298,HUB_BDG,2026-10-10 18:25:00,2026-10-11 06:24:51.726236,11.9975
PKG_002299,HUB_MKS,2026-10-04 18:46:00,2026-10-05 03:15:22.144016,8.489444444444445
PKG_002300,HUB_SBY,2026-10-12 12:09:00,2026-10-12 19:57:18.290610,7.805
PKG_002301,HUB_MKS,2026-10-01 11:51:00,2026-10-01 23:52:08.092978,12.018888888888888
PKG_002302,HUB_JKT,2026-10-02 18:27:00,2026-10-03 04:11:54.254110,9.748333333333333
PKG_002303,HUB_JKT,2026-10-14 00:37:00,2026-10-14 10:27:27.604606,9.840833333333334
PKG_002304,HUB_JKT,2026-10-02 12:43:00,2026-10-02 18:00:32.960130,5.292222222222223
PKG_002305,HUB_JKT,2026-10-06 03:33:00,2026-10-06 12:35:15.142823,9.0375
PKG_002306,HUB_BDG,2026-10-07 11:33:00,2026-10-07 18:54:46.603234,7.362777777777778
PKG_002307,HUB_BDG,2026-10-09 23:14:00,2026-10-10 09:39:30.251744,10.425
PKG_002308,HUB_JKT,2026-10-03 20:59:00,2026-10-04 02:21:16.315689,5.371111111111111
PKG_002309,HUB_BDG,2026-10-14 14:49:00,2026-10-14 18:03:03.109520,3.234166666666667
PKG_002310,HUB_JKT,2026-10-11 22:45:00,2026-10-12 09:09:12.291735,10.403333333333334
PKG_002311,HUB_DPS,2026-10-15 14:01:00,2026-10-15 21:55:20.924278,7.905555555555556
PKG_002312,HUB_SBY,2026-10-03 06:32:00,2026-10-03 15:57:42.951994,9.428333333333333
PKG_002313,HUB_JKT,2026-10-12 13:48:00,2026-10-12 19:04:08.071582,5.268888888888889
PKG_002314,HUB_BDG,2026-10-06 04:49:00,2026-10-06 10:29:00.717855,5.666666666666667
PKG_002315,HUB_DPS,2026-10-07 03:43:00,2026-10-07 11:36:51.830153,7.8975
PKG_002316,HUB_SBY,2026-10-04 04:13:00,2026-10-04 13:16:52.009832,9.064444444444444
PKG_002317,HUB_MKS,2026-10-14 10:55:00,2026-10-14 20:05:11.025413,9.169722222222223
PKG_002318,HUB_JKT,2026-10-13 09:46:00,2026-10-13 17:05:57.721607,7.3325
PKG_002319,HUB_JKT,2026-10-05 02:29:00,2026-10-05 08:54:07.861453,6.418611111111111
PKG_002320,HUB_JKT,2026-10-05 18:07:00,2026-10-05 18:32:55.987625,0.43194444444444446
PKG_002321,HUB_DPS,2026-10-02 07:13:00,2026-10-02 15:07:50.676263,7.913888888888889
PKG_002322,HUB_BDG,2026-10-09 04:12:00,2026-10-09 14:07:23.701524,9.923055555555555
PKG_002323,HUB_MKS,2026-10-11 20:57:00,2026-10-12 10:21:53.558906,13.414722222222222
PKG_002324,HUB_JKT,2026-10-05 22:21:00,2026-10-06 08:39:18.940636,10.305
PKG_002325,HUB_MKS,2026-10-04 22:16:00,2026-10-05 09:42:28.809300,11.44111111111111
PKG_002326,HUB_BDG,2026-10-07 19:46:00,2026-10-08 05:23:21.551882,9.6225
PKG_002327,HUB_JKT,2026-10-04 20:35:00,2026-10-05 04:05:00.490755,7.5
PKG_002328,HUB_SBY,2026-10-09 23:24:00,2026-10-10 06:05:25.929172,6.690277777777778
PKG_002329,HUB_JKT,2026-10-14 05:08:00,2026-10-14 11:04:32.741160,5.942222222222222
PKG_002330,HUB_SBY,2026-10-02 22:05:00,2026-10-03 07:50:26.018078,9.757222222222222
PKG_002332,HUB_MKS,2026-10-01 20:21:00,2026-10-02 08:35:13.316201,12.236944444444445
PKG_002333,HUB_MKS,2026-10-10 22:04:00,2026-10-11 10:16:27.699762,12.2075
PKG_002334,HUB_JKT,2026-10-07 04:12:00,2026-10-07 09:23:18.733216,5.1883333333333335
PKG_002335,HUB_BKS,2026-10-05 12:15:00,2026-10-05 18:31:49.791318,6.280277777777778
PKG_002336,HUB_YGY,2026-10-03 06:08:00,2026-10-03 13:55:54.449606,7.798333333333333
PKG_002337,HUB_MKS,2026-10-15 23:37:00,2026-10-16 12:31:07.029698,12.901944444444444
PKG_002338,HUB_JKT,2026-10-07 15:38:00,2026-10-07 20:45:51.738917,5.130833333333333
PKG_002339,HUB_DPS,2026-10-03 06:39:00,2026-10-03 10:27:33.389301,3.8091666666666666
PKG_002340,HUB_JKT,2026-10-04 20:07:00,2026-10-05 02:55:12.919165,6.803333333333334
PKG_002341,HUB_JKT,2026-10-08 20:36:00,2026-10-09 01:33:55.994415,4.965277777777778
PKG_002342,HUB_MKS,2026-10-07 16:14:00,2026-10-08 03:42:56.742180,11.482222222222223
PKG_002343,HUB_JKT,2026-10-11 15:22:00,2026-10-11 23:46:03.963945,8.400833333333333
PKG_002344,HUB_DPS,2026-10-15 05:46:00,2026-10-15 14:55:52.839275,9.164444444444445
PKG_002345,HUB_JKT,2026-10-14 10:12:00,2026-10-14 13:25:10.847144,3.2194444444444446
PKG_002346,HUB_MKS,2026-10-15 17:38:00,2026-10-16 01:15:40.309199,7.627777777777778
PKG_002347,HUB_JKT,2026-10-11 09:36:00,2026-10-11 20:25:32.053072,10.825555555555555
PKG_002348,HUB_DPS,2026-10-11 15:14:00,2026-10-11 23:00:32.717683,7.775555555555556
PKG_002349,HUB_BDG,2026-10-09 08:50:00,2026-10-09 13:32:18.180357,4.705
PKG_002350,HUB_MKS,2026-10-04 19:10:00,2026-10-05 01:18:56.869847,6.148888888888889
PKG_002351,HUB_BDG,2026-10-13 18:58:00,2026-10-14 00:54:50.171967,5.947222222222222
PKG_002352,HUB_JKT,2026-10-07 01:49:00,2026-10-07 10:11:04.430567,8.367777777777778
PKG_002353,HUB_JKT,2026-10-10 04:56:00,2026-10-10 07:34:47.824979,2.6463888888888887
PKG_002354,HUB_MKS,2026-10-14 01:49:00,2026-10-14 13:07:07.367574,11.301944444444445
PKG_002355,HUB_MKS,2026-10-05 23:04:00,2026-10-06 07:19:53.901814,8.264722222222222
PKG_002356,HUB_SBY,2026-10-04 20:23:00,2026-10-05 04:50:59.601049,8.466388888888888
PKG_002357,HUB_SBY,2026-10-08 03:59:00,2026-10-08 13:33:32.439878,9.575555555555555
PKG_002358,HUB_MKS,2026-10-06 23:17:00,2026-10-07 06:23:14.155677,7.103888888888889
PKG_002359,HUB_SBY,2026-10-01 16:14:00,2026-10-01 23:18:59.353034,7.083055555555555
PKG_002360,HUB_DPS,2026-10-11 19:10:00,2026-10-12 02:36:07.270939,7.435277777777777
PKG_002361,HUB_SBY,2026-10-13 21:27:00,2026-10-14 08:17:21.534419,10.839166666666667
PKG_002362,HUB_BDG,2026-10-11 13:12:00,2026-10-11 15:25:19.660269,2.2219444444444445
PKG_002363,HUB_JKT,2026-10-10 05:18:00,2026-10-10 11:03:00.417639,5.75
PKG_002364,HUB_SBY,2026-10-06 09:39:00,2026-10-06 17:23:09.947701,7.735833333333333
PKG_002366,HUB_BKS,2026-10-13 01:43:00,2026-10-13 10:12:01.125003,8.483611111111111
PKG_002367,HUB_BDG,2026-10-02 05:39:00,2026-10-02 11:43:53.704067,6.081388888888889
PKG_002368,HUB_DPS,2026-10-01 03:02:00,2026-10-01 05:24:03.947240,2.3675
PKG_002369,HUB_SBY,2026-10-14 04:42:00,2026-10-14 15:57:41.604161,11.261388888888888
PKG_002370,HUB_SBY,2026-10-15 21:11:00,2026-10-16 02:29:55.670329,5.315277777777778
PKG_002372,HUB_DPS,2026-10-02 11:49:00,2026-10-02 19:25:08.024734,7.602222222222222
PKG_002373,HUB_DPS,2026-10-07 17:38:00,2026-10-08 02:31:32.624846,8.892222222222221
PKG_002374,HUB_MKS,2026-10-08 17:04:00,2026-10-08 23:23:53.403619,6.331388888888889
PKG_002375,HUB_JKT,2026-10-14 11:29:00,2026-10-14 16:54:37.950146,5.426944444444445
PKG_002377,HUB_BKS,2026-10-10 14:04:00,2026-10-10 21:54:05.320005,7.834722222222222
PKG_002378,HUB_JKT,2026-10-12 21:02:00,2026-10-13 09:05:29.847622,12.058055555555555
PKG_002379,HUB_YGY,2026-10-04 05:52:00,2026-10-04 13:46:25.509339,7.906944444444444
PKG_002382,HUB_BDG,2026-10-08 00:23:00,2026-10-08 10:18:51.437971,9.930833333333334
PKG_002384,HUB_DPS,2026-10-13 10:37:00,2026-10-13 12:54:30.169299,2.2916666666666665
PKG_002385,HUB_JKT,2026-10-10 02:29:00,2026-10-10 02:44:00.000000,0.25
PKG_002387,HUB_DPS,2026-10-04 23:07:00,2026-10-05 06:08:57.548845,7.0325
PKG_002388,HUB_JKT,2026-10-10 11:42:00,2026-10-10 19:18:11.961404,7.603055555555556
PKG_002389,HUB_JKT,2026-10-14 21:17:00,2026-10-15 09:43:46.561842,12.446111111111112
PKG_002390,HUB_MKS,2026-10-05 21:36:00,2026-10-06 07:35:39.781179,9.994166666666667
PKG_002391,HUB_MKS,2026-10-14 21:38:00,2026-10-15 10:16:16.789930,12.637777777777778
PKG_002392,HUB_BDG,2026-10-14 20:03:00,2026-10-15 08:41:32.914909,12.642222222222221
PKG_002393,HUB_JKT,2026-10-03 20:50:00,2026-10-04 03:20:03.680852,6.5008333333333335
PKG_002394,HUB_JKT,2026-10-15 00:55:00,2026-10-15 08:16:03.301749,7.350833333333333
PKG_002395,HUB_JKT,2026-10-07 11:14:00,2026-10-07 17:51:05.301220,6.618055555555555
PKG_002397,HUB_JKT,2026-10-04 01:57:00,2026-10-04 08:50:25.332308,6.8902777777777775
PKG_002398,HUB_JKT,2026-10-12 00:35:00,2026-10-12 07:56:41.737792,7.3613888888888885
PKG_002399,HUB_SBY,2026-10-03 20:19:00,2026-10-04 07:36:36.082525,11.293333333333333
PKG_002401,HUB_MKS,2026-10-12 23:22:00,2026-10-13 07:49:35.184533,8.459722222222222
PKG_002402,HUB_BDG,2026-10-08 01:05:00,2026-10-08 09:32:01.692511,8.450277777777778
PKG_002403,HUB_JKT,2026-10-05 10:02:00,2026-10-05 13:35:01.062178,3.5502777777777776
PKG_002404,HUB_MKS,2026-10-08 22:56:00,2026-10-09 09:49:17.775873,10.888055555555555
PKG_002405,HUB_SBY,2026-10-15 03:42:00,2026-10-15 12:04:46.616979,8.379444444444445
PKG_002406,HUB_SBY,2026-10-07 16:31:00,2026-10-07 21:42:30.725997,5.191666666666666
PKG_002407,HUB_MKS,2026-10-01 14:01:00,2026-10-01 18:35:28.131285,4.5744444444444445
PKG_002409,HUB_DPS,2026-10-13 16:23:00,2026-10-14 02:59:18.833458,10.605
PKG_002410,HUB_JKT,2026-10-09 17:27:00,2026-10-09 19:02:29.294716,1.591388888888889
PKG_002411,HUB_JKT,2026-10-13 09:25:00,2026-10-13 16:12:48.225058,6.796666666666667
PKG_002412,HUB_SBY,2026-10-06 15:55:00,2026-10-06 20:22:56.582673,4.4655555555555555
PKG_002413,HUB_JKT,2026-10-06 14:15:00,2026-10-07 00:45:09.210443,10.5025
PKG_002414,HUB_JKT,2026-10-13 10:09:00,2026-10-13 14:20:06.955453,4.185
PKG_002415,HUB_JKT,2026-10-01 21:47:00,2026-10-02 04:57:23.885778,7.173055555555556
PKG_002416,HUB_SBY,2026-10-13 03:43:00,2026-10-13 14:37:15.073243,10.904166666666667
PKG_002417,HUB_MKS,2026-10-10 22:50:00,2026-10-11 08:54:10.778245,10.069444444444445
PKG_002419,HUB_MKS,2026-10-12 12:07:00,2026-10-12 21:58:28.489319,9.857777777777779
PKG_002420,HUB_SBY,2026-10-03 02:36:00,2026-10-03 07:45:10.824154,5.152777777777778
PKG_002421,HUB_JKT,2026-10-04 07:19:00,2026-10-04 15:13:30.511075,7.908333333333333
PKG_002422,HUB_JKT,2026-10-15 23:25:00,2026-10-16 04:09:13.040701,4.736944444444444
PKG_002423,HUB_BKS,2026-10-04 08:08:00,2026-10-04 15:54:38.844621,7.777222222222222
PKG_002424,HUB_MKS,2026-10-02 06:58:00,2026-10-02 17:40:10.437143,10.702777777777778
PKG_002425,HUB_MKS,2026-10-02 10:41:00,2026-10-02 20:10:20.808016,9.488888888888889
PKG_002426,HUB_BDG,2026-10-10 06:55:00,2026-10-10 18:25:46.430173,11.512777777777778
PKG_002427,HUB_MKS,2026-10-01 07:25:00,2026-10-01 19:30:41.713588,12.094722222222222
PKG_002429,HUB_JKT,2026-10-01 04:34:00,2026-10-01 10:39:37.551291,6.0936111111111115
PKG_002430,HUB_MKS,2026-10-01 05:58:00,2026-10-01 17:25:12.230981,11.453333333333333
PKG_002431,HUB_SBY,2026-10-04 06:11:00,2026-10-04 14:19:28.954912,8.141111111111112
PKG_002432,HUB_SBY,2026-10-09 08:14:00,2026-10-09 17:08:27.440247,8.9075
PKG_002433,HUB_SBY,2026-10-10 19:02:00,2026-10-11 08:20:15.265209,13.304166666666667
PKG_002434,HUB_JKT,2026-10-15 08:09:00,2026-10-15 16:28:49.657301,8.330277777777777
PKG_002435,HUB_JKT,2026-10-08 11:53:00,2026-10-08 19:03:10.325034,7.169444444444444
PKG_002436,HUB_MKS,2026-10-07 10:46:00,2026-10-07 22:20:33.768221,11.575833333333334
PKG_002437,HUB_MKS,2026-10-09 10:36:00,2026-10-09 22:49:20.228008,12.222222222222221
PKG_002438,HUB_BDG,2026-10-04 04:12:00,2026-10-04 14:03:07.474777,9.851944444444445
PKG_002440,HUB_JKT,2026-10-11 00:57:00,2026-10-11 08:06:59.213553,7.166388888888889
PKG_002441,HUB_JKT,2026-10-12 23:34:00,2026-10-13 05:44:09.804731,6.1691666666666665
PKG_002442,HUB_JKT,2026-10-09 13:00:00,2026-10-09 20:19:43.082595,7.328611111111111
PKG_002443,HUB_BKS,2026-10-11 15:20:00,2026-10-11 19:26:08.362873,4.102222222222222
PKG_002444,HUB_MKS,2026-10-10 21:25:00,2026-10-11 06:49:04.796034,9.401111111111112
PKG_002445,HUB_DPS,2026-10-13 14:24:00,2026-10-13 21:23:01.964131,6.983611111111111
PKG_002446,HUB_MKS,2026-10-11 15:58:00,2026-10-12 07:36:11.872866,15.636388888888888
PKG_002447,HUB_SBY,2026-10-13 08:02:00,2026-10-13 16:03:34.139051,8.026111111111112
PKG_002448,HUB_JKT,2026-10-04 06:27:00,2026-10-04 18:20:41.534694,11.894722222222223
PKG_002449,HUB_DPS,2026-10-07 13:53:00,2026-10-07 20:17:30.858466,6.408333333333333
PKG_002450,HUB_YGY,2026-10-09 13:22:00,2026-10-09 23:58:05.332530,10.60138888888889
PKG_002451,HUB_YGY,2026-10-04 15:04:00,2026-10-05 00:34:22.612515,9.50611111111111
PKG_002452,HUB_SBY,2026-10-01 00:04:00,2026-10-01 11:37:06.156536,11.551666666666666
PKG_002453,HUB_JKT,2026-10-07 18:09:00,2026-10-08 00:11:37.915889,6.043611111111111
PKG_002454,HUB_DPS,2026-10-08 11:16:00,2026-10-08 17:47:55.878858,6.531944444444444
PKG_002456,HUB_JKT,2026-10-10 20:12:00,2026-10-11 02:01:59.998325,5.833055555555555
PKG_002458,HUB_BDG,2026-10-01 01:53:00,2026-10-01 11:26:56.818689,9.565555555555555
PKG_002460,HUB_MKS,2026-10-01 10:06:00,2026-10-01 22:08:48.879977,12.046666666666667
PKG_002461,HUB_MKS,2026-10-09 10:45:00,2026-10-09 21:05:31.698851,10.341944444444444
PKG_002462,HUB_MKS,2026-10-09 02:52:00,2026-10-09 13:17:36.168722,10.426666666666666
PKG_002463,HUB_SBY,2026-10-07 10:24:00,2026-10-07 17:08:09.317960,6.735833333333333
PKG_002464,HUB_BDG,2026-10-12 00:32:00,2026-10-12 07:09:10.403457,6.6194444444444445
PKG_002465,HUB_MKS,2026-10-12 12:23:00,2026-10-12 19:53:26.256159,7.5072222222222225
PKG_002466,HUB_JKT,2026-10-10 11:42:00,2026-10-10 20:10:19.060270,8.471944444444444
PKG_002467,HUB_DPS,2026-10-03 07:23:00,2026-10-03 14:52:41.677216,7.494722222222222
PKG_002468,HUB_JKT,2026-10-15 00:22:00,2026-10-15 08:26:10.895352,8.069444444444445
PKG_002469,HUB_MKS,2026-10-04 17:12:00,2026-10-05 04:45:49.801011,11.563611111111111
PKG_002470,HUB_DPS,2026-10-04 16:15:00,2026-10-04 23:59:42.447856,7.745
PKG_002471,HUB_MKS,2026-10-04 05:11:00,2026-10-04 16:47:13.852346,11.60361111111111
PKG_002472,HUB_JKT,2026-10-09 19:51:00,2026-10-10 02:08:22.719684,6.289444444444444
PKG_002473,HUB_SBY,2026-10-10 02:53:00,2026-10-10 09:57:17.702787,7.0713888888888885
PKG_002474,HUB_MKS,2026-10-11 02:23:00,2026-10-11 16:46:40.857644,14.394444444444444
PKG_002475,HUB_JKT,2026-10-15 03:05:00,2026-10-15 11:47:12.018222,8.703333333333333
PKG_002476,HUB_JKT,2026-10-10 02:52:00,2026-10-10 07:45:22.900123,4.889444444444444
PKG_002477,HUB_MKS,2026-10-07 07:42:00,2026-10-07 16:24:23.338588,8.706388888888888
PKG_002480,HUB_JKT,2026-10-07 21:13:00,2026-10-08 02:35:04.323470,5.3677777777777775
PKG_002481,HUB_BDG,2026-10-05 14:09:00,2026-10-05 22:24:53.531472,8.264722222222222
PKG_002482,HUB_JKT,2026-10-02 10:41:00,2026-10-02 20:07:11.897657,9.436388888888889
PKG_002483,HUB_JKT,2026-10-05 19:52:00,2026-10-06 00:18:06.098705,4.435
PKG_002484,HUB_JKT,2026-10-14 20:26:00,2026-10-15 03:13:41.918174,6.794722222222222
PKG_002485,HUB_MKS,2026-10-02 12:09:00,2026-10-02 23:55:06.553649,11.768333333333333
PKG_002486,HUB_JKT,2026-10-04 11:28:00,2026-10-04 15:55:29.750698,4.458055555555555
PKG_002487,HUB_DPS,2026-10-11 13:25:00,2026-10-11 21:05:34.576588,7.676111111111111
PKG_002488,HUB_MKS,2026-10-15 13:03:00,2026-10-16 03:33:54.733109,14.515
PKG_002489,HUB_MKS,2026-10-04 04:39:00,2026-10-04 13:41:41.045976,9.044722222222223
PKG_002490,HUB_JKT,2026-10-03 01:09:00,2026-10-03 05:55:24.884938,4.773333333333333
PKG_002491,HUB_DPS,2026-10-11 15:56:00,2026-10-11 23:12:51.174381,7.280833333333334
PKG_002492,HUB_MKS,2026-10-14 20:57:00,2026-10-15 09:28:00.991189,12.516666666666667
PKG_002493,HUB_BKS,2026-10-12 21:27:00,2026-10-13 03:09:09.722675,5.7025
PKG_002494,HUB_MKS,2026-10-12 16:52:00,2026-10-13 01:42:58.533949,8.849444444444444
PKG_002495,HUB_BKS,2026-10-10 18:29:00,2026-10-11 04:00:08.259431,9.518888888888888
PKG_002496,HUB_JKT,2026-10-12 17:59:00,2026-10-13 01:40:49.777673,7.696944444444444
PKG_002497,HUB_MKS,2026-10-15 22:55:00,2026-10-16 14:50:34.134595,15.926111111111112
PKG_002498,HUB_MKS,2026-10-04 09:41:00,2026-10-04 19:01:40.163371,9.344444444444445
PKG_002499,HUB_SBY,2026-10-14 12:15:00,2026-10-14 23:44:39.211064,11.494166666666667
PKG_002500,HUB_SBY,2026-10-14 04:21:00,2026-10-14 07:51:25.721300,3.5069444444444446
